發文ID,,文章ID,發文時間,更新時間,樓層,留言內容,按讚數,withNickname,是否被作者隱藏,meta,是否為發文者,性別,學校,reportReason,mediaMeta,是否隱藏,inReview,reportReasonText,isSuspiciousAccount,isModerator,doorplate,subCommentCount,edited,postAvatar,activityAvatar,verifiedBadge,memberType,enablePrivateMessage,個人主頁,全文
ed439b7e-38a5-4d84-9b72-cb9ac7f7cf51,True,236682703,2021-08-09T12:42:25.176Z,2021-08-09T12:42:25.176Z,4,我也遇到一樣的問題ಥ_ಥ不過我是體育跟延伸通識都是我想要的 但不知道要退哪個ಥ_ಥ,0.0,False,False,{},False,F,中原大學,,[],False,False,,False,False,4,False,,,False,,,
9713cee5-6c00-4443-847a-6ce38f51757c,True,236682703,2021-08-09T13:01:07.666Z,2021-08-09T13:01:23.978Z,5,選體育啦拜託不要大四還要跑800,0.0,False,False,{},False,F,中原大學,,[],False,False,,False,False,5,False,,,False,,,
c3eed504-0b12-4a5b-a89b-530228c407eb,True,236682703,2021-08-09T13:05:24.743Z,2021-08-09T13:05:24.743Z,6,"體育
延伸比較好搶
體育你現在雖然不喜歡但如果退了你之後難搶
如果後來有看到喜歡的退掉再選也沒關係",4.0,False,False,{},False,F,中原大學,,[],False,False,,False,False,6,False,,,False,,,
0334fed2-f856-4516-838d-3b2eb4d2e92b,True,236682703,2021-08-09T13:12:21.284Z,2021-08-09T13:12:21.284Z,7,"借問個
潘秋郎的宗哲跟愛情關係管理呢
撞時段 選哪個好",0.0,False,False,{},False,M,中原大學,,[],False,False,,False,False,7,False,,,False,,,
bf382d48-c4a5-41a1-b54a-ddd28d8713b5,True,236682703,2021-08-09T13:14:41.142Z,2021-08-09T13:14:41.142Z,8,"憑感覺跟你講 宗哲
B7",5.0,False,False,{},False,F,中原大學,,[],False,False,,False,False,8,False,,,False,,,
e12f6365-0442-4a9b-851e-c8e5cca20483,True,236682703,2021-08-09T13:25:27.697Z,2021-08-09T13:25:27.697Z,9,B7 宗哲 上過他的課 蠻涼的,3.0,False,False,{},False,F,中原大學,,[],False,False,,False,False,9,False,,,False,,,
cacea02e-c344-4e7f-9415-5c39e3d20de5,True,236682703,2021-08-09T13:41:06.498Z,2021-08-09T13:41:06.498Z,10,爽課這麼多以後一定還選得到,0.0,False,False,{},False,F,中原大學,,[],False,False,,False,False,10,False,,,False,,,
94cfd672-ed74-45f1-a717-26a519836ab9,True,236682703,2021-08-09T13:46:02.157Z,2021-08-09T13:46:02.157Z,11,謝謝大家我決定要留體育了！,0.0,False,False,{},True,F,中原大學,,[],False,False,,False,False,11,False,,,False,,,
50a49bd7-b04b-49d0-8d14-526d063eac9e,True,236682703,2021-08-09T15:16:34.217Z,2021-08-09T15:16:34.217Z,12,"如果是我 體育沒很想要的話 我會退體育
因為上自己不喜歡的體育很痛苦
或是你可以說說看是哪門體育
讓大家判斷一下 比較好！",3.0,False,False,{},False,F,中原大學,,[],False,False,,False,False,12,False,,,False,,,
ac08fe33-ba33-4d67-a865-feb1ba6a81ac,True,236682703,2021-08-09T15:30:25.250Z,2021-08-09T15:30:25.250Z,13,當然選體育啊 通識那麼多爽的,0.0,False,False,{},False,M,中原大學,,[],False,False,,False,False,13,False,,,False,,,
8263eb9a-d9ea-439a-be3b-52e2bd1240b3,True,236682703,2021-08-09T15:31:06.135Z,2021-08-09T15:31:06.135Z,14,B7 建議選宗哲 凡是宗哲人哲有上都必上 畢竟不好選,2.0,False,False,{},False,M,中原大學,,[],False,False,,False,False,14,False,,,False,,,
790050ef-234c-4494-8023-777e213f3f90,True,236682703,2021-08-09T15:38:41.866Z,2021-08-09T15:38:41.866Z,15,上次留延通退體育，第二次登記也還是上了不錯的體育課，主要是那堂延通的分數很甜啦：）,2.0,False,False,{},False,F,中原大學,,[],False,False,,False,False,15,False,,,False,,,
b7b2e10f-af2a-4f47-b6c9-dbddac475f7e,True,236682703,2021-08-10T02:28:34.830Z,2021-08-10T02:28:34.830Z,16,我大四不用參加運動會了 呵呵呵呵呵呵呵呵 不用再苦命爬起來走去操場報到再去吃早餐ㄌ 呵呵呵,2.0,False,False,{},False,F,中原大學,,[],False,False,,False,False,16,False,,,False,,,
faa62ea8-1d0f-416b-8a59-7c9d68e012e7,True,236682703,2021-08-10T17:59:44.229Z,2021-08-10T17:59:44.229Z,17,B1 B2 ....就是我😭😭😭,0.0,False,False,{},False,F,中原大學,,[],False,False,,False,False,17,False,,,False,,,
6f1880a9-ab2e-4a8f-ac48-874ebaae9f0a,True,236681784,2021-08-09T10:33:02.758Z,2021-08-09T10:33:02.758Z,1,陳正婷老師教的不錯,3.0,False,False,{},False,F,中原大學,,[],False,False,,False,False,1,False,,,False,,,
76a2b140-c8de-4c52-85c3-20138cfcdd34,True,236681784,2021-08-09T10:45:20.240Z,2021-08-09T10:45:20.240Z,2,陳老師穿很辣,0.0,False,False,{},False,M,中原大學,,[],False,False,,False,False,2,False,,,False,,,
6e987be9-f69a-4616-b37d-903fe692daa8,True,236681784,2021-08-09T12:30:47.954Z,2021-08-09T12:31:14.952Z,3,"B2 
李老師比較辣吧！她是卡羅萊納死神等級
陳老師只是朝天椒等級",1.0,False,False,{},False,M,中原大學,,[],False,False,,False,False,3,False,,,False,,,False
70870fe4-dfa3-45ff-ab2f-70a700008cec,True,236681784,2021-08-09T12:40:32.753Z,2021-08-09T12:40:32.753Z,4,"B1 謝謝妳的建議~~
B2 B3 辣不辣沒差啦...撇除這個觀點，請問有推薦哪位老師嗎?",0.0,False,False,{},True,F,中原大學,,[],False,False,,False,False,4,False,,,False,,,
0711659b-dd91-46c4-a406-f388a5e3d5bc,True,236681784,2021-08-09T12:46:31.333Z,2021-08-09T12:46:31.333Z,5,以前都是李家遠老師上，現在他已經退休了，陳跟李比的話，陳是教學組老師，李是翻譯組老師，我會偏向陳，而且陳很辣！,2.0,False,False,{},False,M,中原大學,,[],False,False,,False,False,5,False,,,False,,,
045e0240-e023-4f0b-997b-179cb0cecd56,True,236681784,2021-08-09T13:57:35.710Z,2021-08-09T13:57:35.710Z,6,還好我中陳,0.0,False,False,{},False,M,中原大學,,[],False,False,,False,False,6,False,,,False,,,
33bc6a76-8bbc-4474-973b-523287ce815e,True,236681784,2021-08-09T15:48:27.955Z,2021-08-09T15:48:27.955Z,7,B5 請問教學組的老師和翻譯組的老師上課風格有什麼差別嗎？😯,0.0,False,False,{},True,F,中原大學,,[],False,False,,False,False,7,False,,,False,,,
d2f1ffcd-25a8-45fe-b9df-98b49a80c6fd,True,236681784,2021-08-09T16:57:47.773Z,2021-08-09T16:57:47.773Z,8,問問樓上，吳碩禹老師怎麼樣呢～～,0.0,False,False,{},False,F,中原大學,,[],False,False,,False,False,8,False,,,False,,,
8c0a68ab-1d9c-48b5-b998-6e02c702a9a2,True,236681784,2021-08-09T17:00:03.140Z,2021-08-09T17:00:34.661Z,9,"B7
就一個會教英語，一個會教翻譯，但多益沒考翻譯，所以…哈哈哈哈",1.0,False,False,{},False,M,中原大學,,[],False,False,,False,False,9,False,,,False,,,False
6f63d0f4-94b5-4971-b93e-e45e7dbbd114,True,236681784,2021-08-09T17:03:48.803Z,2021-08-09T17:03:48.803Z,10,"B8
吳老師，碩士是在英國Bristol念英語教學，然後博士在師大唸筆譯，既有教學和翻譯的專業，相當好的一位老師，而且老師很辣，差不多是二氫辣椒素等級的。",1.0,False,False,{},False,M,中原大學,,[],False,False,,False,False,10,False,,,False,,,
532bec4e-3e8d-4327-8de3-d7301513f94f,True,236681784,2021-08-09T17:09:19.326Z,2021-08-09T17:09:19.326Z,11,B10 謝謝你～～那陳正婷老師跟吳碩儒老師跟學生會不會很常互動 (例如要很常開口講話之類的)XD,0.0,False,False,{},False,F,中原大學,,[],False,False,,False,False,11,False,,,False,,,
d9fa2094-9434-4a70-b5b2-dc4af2be7e40,True,236681784,2021-08-09T18:05:18.236Z,2021-08-09T18:05:18.236Z,12,B5 好懷念家遠老師 🥲🥲,1.0,False,False,{},False,M,中原大學,,[],False,False,,False,False,12,False,,,False,,,
33df8de2-73a7-4b5e-9c8f-78cd0bc990ba,True,236681784,2021-08-10T04:40:09.035Z,2021-08-10T04:40:09.035Z,13,B9 好像懂了謝謝你～😂,0.0,False,False,{},True,F,中原大學,,[],False,False,,False,False,13,False,,,False,,,
17061c69-0d1e-46f8-9588-97d94e2be39a,True,236681695,2021-08-09T10:23:57.853Z,2021-08-09T10:23:57.853Z,1,分數很不甜⋯^_^ 建議會打籃球再去修 每堂課都有去 但我期中期末考很爛 不太會幫你調分 總成績才67分^_^ 如果沒事就會三打三 有時候會分組玩遊戲 超級累 非常不推。,4.0,False,False,{},False,F,中原大學,,[],False,False,,False,False,1,False,,,False,,,
b91d5cca-7a35-43c6-a9cf-d0506487b935,True,236681695,2021-08-09T10:28:42.208Z,2021-08-09T10:29:15.300Z,2,"老師人很好
就算妳籃球很爛 不要上課耍廢 有在動分數就不會太低
偶爾會要兩人或三人一組練傳球或投籃
考試考投籃跟八字傳球
組員都自己找 找不到可以找老師幫妳
(我的體驗跟樓上怎麼差這麼多我也不知道)",3.0,False,False,{},False,F,中原大學,,[],False,False,,False,False,2,False,,,False,,,False
5c02791d-69be-4435-924b-e363150a4be3,True,236681695,2021-08-09T11:12:33.428Z,2021-08-09T11:12:33.428Z,3,"出席超級超級重要
上課運動量很夠
可以學到很多東西
分組也都大概2、3人一組而已
老師人很好 你乖乖出席基本就沒事
啊不過800要好好跑 沒過要重跑
（但上學期因為遠距變成看奧運3V3心得）",2.0,False,False,{},False,F,中原大學,,[],False,False,,False,False,3,False,,,False,,,
e1ef4964-a12c-4a96-bb94-1eba958161d2,True,236681695,2021-08-09T11:19:42.681Z,2021-08-09T11:19:42.681Z,4,"108-2修 我總成績66
請假過一次 只能說這堂課不甜
期中期末我記得我分數也蠻中間的 切確多少忘記了
不過我800沒過 還跑兩次🥲 還是沒過
每次都會上好上滿 下課前還要打3對3
蠻累的",1.0,False,False,{},False,F,中原大學,,[],False,False,,False,False,4,False,,,False,,,
9c2fb26a-b6b1-4fde-a0de-09104b1c77da,True,236681695,2021-08-09T13:21:44.161Z,2021-08-09T13:22:23.035Z,5,"非常不推薦！！！要真的很熱愛喜歡籃球，很重視出席！每堂上課都上好上滿
一般體育課測800的時候，當天都只有測800，但是這老師還要先上一節課，下一節才跑800！而且跑完還不能馬上走！！！
而且每一堂都有活動，還要分組練習，超級累",2.0,False,False,{},False,F,中原大學,,[],False,False,,False,False,5,False,,,False,,,False
205030ca-de3f-42fc-821f-21324d1e7cd2,True,236681695,2021-08-09T13:24:43.058Z,2021-08-09T13:24:43.058Z,6,"不推ㄛ
真的很累，而且很重出席",2.0,False,False,{},False,F,中原大學,,[],False,False,,False,False,6,False,,,False,,,
0330b705-63f0-4db8-a210-07b8d5b72f55,True,236681695,2021-08-09T13:45:25.547Z,2021-08-09T13:45:25.547Z,7,"蛤我覺得還蠻推的 也沒到這麼雷吧
老師人蠻好，上課也蠻有趣的
(我八百就那種跟及格的時間差不多再快一點點而已的那種
分數是真的不會到很高沒錯但我覺得沒那麼慘(大概8x) 然後不要遲到或缺席
(也可能因為我是上學期修啦剛好碰到疫情所以沒感覺那麼操
然後我記得我們跑完八百登記完就下課了欸 前面好像也沒上課的樣子，
就自己熱身時間差不多就去考了",3.0,False,False,{},False,F,中原大學,,[],False,False,,False,False,7,False,,,False,,,
e72d3984-eeff-4d5f-aa58-0fbaccbdd4a1,True,236681695,2021-08-09T13:46:37.822Z,2021-08-09T13:46:37.822Z,8,主要都有去上課我覺得都會過欸，反正體育0學分，分數甜不甜應該還好，上課是真的有點累啦，沒什麼可以偷懶的時候，但我覺得可以接受by平常沒在運動的人,2.0,False,False,{},False,F,中原大學,,[],False,False,,False,False,8,False,,,False,,,
a93f5ba4-326d-42f0-9401-89c2cd929101,True,236681695,2021-08-09T14:06:12.731Z,2021-08-09T14:06:12.731Z,9,"籃球很爛的我也過了
109-2修的
老師很認真上課
但有點累是真的",2.0,False,False,{},False,F,中原大學,,[],False,False,,False,False,9,False,,,False,,,
92e53d98-feef-4fd3-9112-bd916f650fcb,True,236681695,2021-08-09T14:33:19.189Z,2021-08-09T14:33:19.189Z,10,"一定要去上課！！！曠課一次扣十分！有請假不扣分但最多只能四次！！！
每堂都會分組練習！考試考投籃！
真低建議會打籃球不會翹課的人選",1.0,False,False,{},False,F,中原大學,,[],False,False,,False,False,10,False,,,False,,,
ff936305-5943-4dee-af63-0e3683060602,True,236681695,2021-08-09T18:03:05.209Z,2021-08-09T18:03:05.209Z,11,"愛動的就去，喜歡當爛肉的建議不要
老師人很好，每堂上好上滿，讓你知道爆汗是什麼感覺😌",1.0,False,False,{},False,F,中原大學,,[],False,False,,False,False,11,False,,,False,,,
9f8f04e5-1229-4519-92c9-e00dc2fbff8e,True,236681695,2021-08-10T00:59:08.774Z,2021-08-10T00:59:08.774Z,12,"https://i.imgur.com/ncNSggs.jpg
有一次的請假紀錄 老師很認真在上課 連我體力很好上課都會覺得累 但你不會的老師都會很用心教你 我甚至沒有跑800的成績（因為考試當天我受傷 之後就遠距跟下雨了）不過成績偏高也是因為被老師選當體幹",1.0,False,False,{},False,F,中原大學,,"[{'id': '854a4f33-aa92-40ce-90e6-6d7846980cc4', 'url': 'https://i.imgur.com/ncNSggsl.jpg', 'normalizedUrl': 'https://i.imgur.com/ncNSggsl.jpg', 'thumbnail': 'https://i.imgur.com/ncNSggsl.jpg', 'type': 'image/thumbnail', 'tags': ['ANNOTATED'], 'createdAt': '2021-08-10T00:59:08.774Z', 'updatedAt': '2021-08-10T00:59:08.774Z', 'width': 1170, 'height': 259}, {'id': '854a4f33-aa92-40ce-90e6-6d7846980cc4', 'url': 'https://i.imgur.com/ncNSggs.jpg', 'normalizedUrl': 'https://imgur.com/ncNSggs', 'thumbnail': 'https://i.imgur.com/ncNSggsl.jpg', 'type': 'image/imgur', 'tags': ['ANNOTATED'], 'createdAt': '2021-08-10T00:59:08.774Z', 'updatedAt': '2021-08-10T00:59:08.774Z', 'width': 1170, 'height': 259}]",False,False,,False,False,12,False,,,False,,,
f4154128-a4c8-4c05-8ee7-4fd5cf7b14f3,True,236681695,2021-08-10T09:29:01.037Z,2021-08-10T12:44:15.867Z,13,"b0拜託看我的長篇大論🙏

這堂課會分組，而且有時會分2人，比如一開始的兩人運球，期中考等。
有時會分3人，比如3對3分組小比賽等。
要是你沒有5個好友一起選(不包含你)，我覺得可以退了(⁎⁍̴̛ᴗ⁍̴̛⁎)

❗️關於出席，像樓上說的，老師很看重出席。
有一次在前場籃球場點名的時候，老師點到我朋友，但我朋友在排球場那邊，大概還有20公尺，過了一個網子就會到，我還跟老師說：喔喔他在那邊要走過來了。
結果老師算他遲到🙃
遲到要待到最後，有時候還要搬球回去。
還有我朋友有一次要幫系桌的打比賽，所以沒辦法來上課，他問老師說能不能不扣出席成績(比賽只能請事假，事假會被扣分)，結果老師說如果你打籃球的比賽就不會扣你分，其他的會扣分喔，我當下直接傻眼🙃

❗️關於平常上課，我覺得很無聊。
我算是一個喜歡體育課的人，之前的體育課都能拿到老師的最高分(包括之前板上有人說的簡體育老師，有兩學期都給她教，我覺得他很有趣😂)
大部分就是教分組傳接球(2人或3人)，其他時間都是練那些動作，有一次上課是看系際盃比賽，然後寫學習單。
整個學期下來自由打球的時間不超過2次，也沒什麼運動或累的感覺，可能我比較過動喜歡自由打球，所以才覺得無聊。

❗️關於考試，我們期中考是兩人一組投籃。
可是⚠️你必須找自己的唯一專屬夥伴。
那時候我跟兩個朋友上這門課的，3人分組練習還好，但2人分組就尷尬。
期中考的時候還問老師說能不能一個人重複當夥伴，老師還堅決說：不行 這樣大家都會跟強的人一組。(屁🙄我只想跟認識的一組好不好)
所以我就跟一個別系的一組，結果考試的時候分數都是我在拿的，然後我們的分數還要綁在一起，超賭爛，最終我們拿50幾分。
因為這樣很多人的分數都不及格，30~50分居多。(我想他應該很想要看我們血流成河🤔 沒有啦哈哈哈)

總之還有很多爛規定說不完，這學期讓我變得超討厭體育課，心情超不好，壓力大。
雖說幸好這因為疫情不用上無聊的體育課，但他還是出了很多比賽心得跟錄影在家運動，當我很閒🤪
最終我的體育成績70分吧，我忘了，在拼命做一堆心得感想還有加分作業，800公尺跑進4:20秒內的情況下(800公尺是一次成績，跑4分內好像才70、80分以上?忘了。只記得4分多都是60分左右)
啊對而且當天他才寄email說要跑800😊",1.0,False,False,{},False,F,中原大學,,[],False,False,,False,False,13,False,,,False,,,False
4783d48e-b5db-49ae-a8f7-53ee197dd8b0,True,236681662,2021-08-09T10:05:33.695Z,2021-08-09T10:06:11.872Z,1,我也是上這堂的！！我剛剛才在爬文哈哈,1.0,False,False,{},False,F,中原大學,,[],False,False,,False,False,1,False,,,False,,,False
933342cc-27c3-43a0-973a-cfeee1a31079,True,236681662,2021-08-09T10:06:09.103Z,2021-08-09T10:06:09.103Z,2,"之前修過 超佛ㄉ 不用擔心
上課看電影 寫心得 就醬",0.0,False,False,{},False,F,中原大學,,[],False,False,,False,False,2,False,,,False,,,
e6d0e375-1d34-41bc-9978-0afff84fb02c,True,236681662,2021-08-09T10:08:32.379Z,2021-08-09T10:08:32.379Z,3,B2 請問上課是中文還是英文 之前爬文看到有人說都是英文有點擔心,0.0,False,False,{},False,F,中原大學,,[],False,False,,False,False,3,False,,,False,,,
98ca4512-2641-4e0a-b13b-99f7415dc3ad,True,236681662,2021-08-09T10:10:23.737Z,2021-08-09T10:10:55.388Z,4,"B2 謝謝妳(≧∇≦*)
想問給分甜嗎",0.0,False,False,{},True,F,中原大學,,[],False,False,,False,False,4,False,,,False,,,
4f356b14-8835-48ba-90b7-cc68998082d5,True,236681662,2021-08-09T10:11:39.127Z,2021-08-09T10:11:39.127Z,5,"B3 有點忘記了 好像是英文吧
但基本上上課就是看影片而已
老師會傳一個進度表在i learning 
每週看的影片都會在上面",0.0,False,False,{},False,F,中原大學,,[],False,False,,False,False,5,False,,,False,,,
7460ae74-7941-423a-90fd-bfbbda6bc051,True,236681662,2021-08-09T10:14:44.315Z,2021-08-09T10:14:44.315Z,6,"B4 心得全交期末拿到95(⁎⁍̴̛ᴗ⁍̴̛⁎)
不用擔心 很營養很輕鬆ㄉ學分٩(˃̶͈̀௰˂̶͈́)و",0.0,False,False,{},False,F,中原大學,,[],False,False,,False,False,6,False,,,False,,,
75c40cf0-2dff-44a9-b83a-f3e7872924df,True,236681662,2021-08-09T10:14:51.393Z,2021-08-09T10:14:51.393Z,7,B5 謝謝你🥺,1.0,False,False,{},False,F,中原大學,,[],False,False,,False,False,7,False,,,False,,,
8b51509d-fdf6-448e-a61c-b17d98f26273,True,236681662,2021-08-09T10:41:46.220Z,2021-08-09T10:41:46.220Z,8,B6 謝謝妳耶❤️,0.0,False,False,{},True,F,中原大學,,[],False,False,,False,False,8,False,,,False,,,
701d4832-8d1d-4e8f-905e-146fa7326444,True,236681662,2021-08-09T14:26:53.888Z,2021-08-09T14:28:31.720Z,9,"大一跟朋友一起修 心得全準時交 上課睡覺、滑手機一整片
老師常不在 學生常翹大半堂課 也常常遲進教室還遇到提早下課 每篇心得都可以到提供期限最後一堂課交
助教要求大家用手寫 老師還問為什麼不給打字的超佛選修推推 最後93過給你參考～",1.0,False,False,{},False,F,中原大學,,[],False,False,,False,False,9,False,,,False,,,False
7e0037bd-d42f-4bb4-8cea-bc0a486a531b,True,236681662,2021-08-09T14:29:49.564Z,2021-08-09T14:29:49.564Z,10,"這堂課超涼超佛！只有第一堂課老師講最多話 然後手寫一些老師的問題 之後每節課都是看影片（翹課的話也可以從i-Learning裡面找到老師每個禮拜看了什麼影片😅）沒點過名 一個月交一篇影片500字心得 期中期末交好像1000字（或1500）心得（都是中文就可以了）而且老師也都會開放補交 最後最後只要有交到老師規定的篇數就可以了 期末95過！
但有一次班上出席率真的太低 老師生氣...",2.0,False,False,{},False,F,中原大學,,[],False,False,,False,False,10,False,,,False,,,
5e901c9d-b68c-4f0b-9ac9-a1a6c2614918,True,236681662,2021-08-09T15:35:17.972Z,2021-08-09T15:35:17.972Z,11,B9 B10 哇！謝謝妳們，看來選到了一堂好課,1.0,False,False,{},True,F,中原大學,,[],False,False,,False,False,11,False,,,False,,,
7627370c-ba92-4123-b93e-832311acd61c,True,236681520,2021-08-09T09:51:47.209Z,2021-08-09T09:51:47.209Z,1,"我109-1修的
老師重出席率，每次都會點名而且出席分數蠻重
上課就聽聽音樂，滑手機盡量不要被她抓到就好
報告兩人一組介紹音樂（？反正蠻簡單的
報告跟學期分數都有90以上",0.0,False,False,{},False,F,中原大學,,[],False,False,,False,False,1,False,,,False,,,
bb41e5da-e262-4d99-b1ce-488082bb1c0a,True,236681520,2021-08-09T09:57:35.063Z,2021-08-09T09:57:35.063Z,2,B1 謝謝你，你是好人，祝你選課都有上,0.0,False,False,{},True,F,中原大學,,[],False,False,,False,False,2,False,,,False,,,
9188450d-32b5-4f25-8440-de2ebdcdf13e,True,236681520,2021-08-09T10:00:38.179Z,2021-08-09T10:00:38.179Z,3,佛！！上課就乖乖坐在位置上就好了 然後中間沒下課時間 但最後會提早10分鐘下課（有時候會提早更多）,0.0,False,False,{},False,F,中原大學,,[],False,False,,False,False,3,False,,,False,,,
8ceecea6-6915-45c8-9494-08557e7e85f2,True,236681520,2021-08-09T10:07:07.702Z,2021-08-09T10:07:07.702Z,4,B1 請問要自己分組還是老師會分🥲,0.0,False,False,{},False,F,中原大學,,[],False,False,,False,False,4,False,,,False,,,
058d691a-7ead-4244-9b33-2650ed9f1b30,True,236681520,2021-08-09T10:25:10.905Z,2021-08-09T10:25:10.905Z,5,超佛,0.0,False,False,{},False,M,中原大學,,[],False,False,,False,False,5,False,,,False,,,
b517ed83-94ff-4268-bbf5-bafc96d6675d,True,236681520,2021-08-09T10:26:29.705Z,2021-08-09T10:26:29.705Z,6,"B4 我那時候是自己找～
沒有的話老師也會幫忙",0.0,False,False,{},False,F,中原大學,,[],False,False,,False,False,6,False,,,False,,,
94179fa4-1574-49a9-baa4-21f3332d5aff,True,236681520,2021-08-09T15:04:24.192Z,2021-08-09T15:04:24.192Z,7,"佛 但要記得出席 我缺兩次➕上台報告成績8x
早八如果有提早到或是準時就有加分",0.0,False,False,{},False,M,中原大學,,[],False,False,,False,False,7,False,,,False,,,
aea93083-8dc7-4c93-aeaf-016f0e7e6456,True,236681520,2021-08-10T17:14:13.102Z,2021-08-10T17:14:13.102Z,8,佛爆，但是一定要出席,0.0,False,False,{},False,F,中原大學,,[],False,False,,False,False,8,False,,,False,,,
e6f587a5-358d-45bc-b7d0-d767de7f9353,True,236681520,2021-09-30T23:12:48.076Z,2021-09-30T23:12:48.076Z,9,請問現在上課是遠距嗎！,0.0,False,False,{},False,F,中原大學,,[],False,False,,False,False,9,False,,,False,,,
2c7c9dde-08d0-4ed6-9dbd-55e715c3d419,False,236681493,2021-08-09T12:33:02.388Z,2021-08-09T12:36:43.788Z,1,"很用心經營ilearning的老師，有考試和報告，也會採計你在ilearning上的閱讀時間
老師在課堂上、下都是有問必答拉，line和email都聯絡得到他
https://i.imgur.com/ggMsFQK.jpg",1.0,False,False,{},False,M,中原大學,,"[{'id': 'c079c711-005d-46c4-85e0-6f0c578e5b7f', 'url': 'https://i.imgur.com/ggMsFQKl.jpg', 'normalizedUrl': 'https://i.imgur.com/ggMsFQKl.jpg', 'thumbnail': 'https://i.imgur.com/ggMsFQKl.jpg', 'type': 'image/thumbnail', 'tags': ['ANNOTATED'], 'createdAt': '2021-08-09T12:33:02.388Z', 'updatedAt': '2021-08-09T12:36:43.788Z', 'width': 811, 'height': 282}, {'id': 'c079c711-005d-46c4-85e0-6f0c578e5b7f', 'url': 'https://i.imgur.com/ggMsFQK.jpg', 'normalizedUrl': 'https://imgur.com/ggMsFQK', 'thumbnail': 'https://i.imgur.com/ggMsFQKl.jpg', 'type': 'image/imgur', 'tags': ['ANNOTATED'], 'createdAt': '2021-08-09T12:33:02.388Z', 'updatedAt': '2021-08-09T12:36:43.788Z', 'width': 811, 'height': 282}]",False,False,,False,False,1,False,,,False,,國際經營與貿易學系,
e7062ed9-d772-480c-83a4-0cbd97f8d8b5,False,236681493,2021-08-09T12:35:10.637Z,2021-08-09T12:35:52.794Z,2,每次上課老師都會抄板書來講解，也會錄影讓你回去也可以在ilearning上複習，我是覺得比起其他老師算用心的，這學期有得教學特優,1.0,False,False,{},False,M,中原大學,,[],False,False,,False,False,2,False,,,False,,國際經營與貿易學系,
e66c1064-1f22-46a0-9625-8e89bc581765,True,236681493,2021-08-09T12:40:38.489Z,2021-08-09T12:42:17.590Z,3,"B1 
1.請問是上課一個小時，遠距兩個小時這樣實施嗎？
2.請問報告是如何進行的，會分組嗎～？
B2 了解 謝謝！",0.0,False,False,{},True,M,中原大學,,[],False,False,,False,False,3,False,,,False,,,False
9dbe102d-33b8-4f9e-8848-09128c388846,True,236681493,2021-08-09T12:48:27.154Z,2021-08-09T12:48:27.154Z,4,選下去就對了 不會後悔,0.0,False,False,{},False,M,中原大學,,[],False,False,,False,False,4,False,,,False,,,
efd0c4cb-3074-4a29-a044-fd43aee6e87b,True,236681493,2021-08-09T13:04:57.025Z,2021-08-09T13:05:57.923Z,5,"B3 1.上兩個小時剩一個小時遠距
2.會分組做專題，有書面和口頭，報告主題老師會事前分配，不能自訂",0.0,False,False,{},False,M,中原大學,,[],False,False,,False,False,5,False,,,False,,,False
ee742556-3060-45c1-b418-4adc7c27e3cc,True,236681493,2022-01-26T23:07:06.133Z,2022-01-26T23:07:06.133Z,6,"個人是覺得可以教的多一點 厚實一點 畢竟是必修課 內容太簡單了一點
學得有點少",2.0,False,False,{},False,F,中原大學,,[],False,False,,False,False,6,False,,,False,,,
54879b49-759a-44d1-9a51-effdf5027282,True,236655949,2021-08-05T19:12:53.243Z,2021-08-05T19:12:53.243Z,1,想問你是今年要升大三嗎 ~,1.0,False,False,{},False,F,中原大學,,[],False,False,,False,False,1,False,,,False,,,
bc7b1280-c613-4911-8a34-ab165d5585b2,True,236655949,2021-08-05T19:29:45.311Z,2021-08-05T19:29:45.311Z,2,6.7神課 推爆 尤其是6,1.0,False,False,{},False,F,中原大學,,[],False,False,,False,False,2,False,,,False,,,
1e364503-14b3-4669-a952-f653942738c8,True,236655949,2021-08-06T00:26:18.847Z,2021-08-06T00:26:18.847Z,3,蘇有瑞會講笑話,1.0,False,False,{},False,M,中原大學,,[],False,False,,False,False,3,False,,,False,,,
692b0a1a-d55c-4a3a-8052-b38a1f85d557,False,236655949,2021-08-06T02:28:54.521Z,2021-08-06T02:28:54.521Z,4,"B1 對哦！
B2 真的⋯還蠻爽的🤭
B3 他超好笑哈哈哈哈（憤世嫉俗",1.0,False,False,{},True,F,中原大學,,[],False,False,,False,False,4,False,,,False,,企業管理學系,
e85f58d6-0600-43bd-8200-151e833ccebf,True,236655949,2021-08-06T03:40:56.037Z,2021-08-06T03:40:56.037Z,5,我怎麼記得愛情關係是偶爾面授教學,2.0,False,False,{},False,M,中原大學,,[],False,False,,False,False,5,False,,,False,,,
c866b38b-ebcb-49c0-834c-02439c17ad93,False,236655949,2021-08-06T05:47:55.224Z,2021-08-06T05:47:55.224Z,6,B5 差不多各半啦🤣,1.0,False,False,{},True,F,中原大學,,[],False,False,,False,False,6,False,,,False,,企業管理學系,
67de60e9-437a-43c6-83af-779f533e27e2,True,236655949,2021-08-06T06:12:01.720Z,2021-08-06T06:12:01.720Z,7,陳仲志老師推👍🏻,1.0,False,False,{},False,F,中原大學,,[],False,False,,False,False,7,False,,,False,,,
99e535f2-c7ac-42c6-8fb1-d24936694556,False,236655949,2021-08-06T06:35:55.136Z,2021-08-06T06:35:55.136Z,8,"B4 你好～ 我也修過蘇的課
真心想問他的點到底是怎樣…
好像有抓到又不是非常確定 我95
我都是照樣照句找例子…
很想知道他到底在幹嘛
私訊也可以 拜託了🥺",1.0,True,False,{},False,F,蔦蘿,,[],False,False,,False,False,8,False,,,False,,cypress_vine,True
5234879d-687b-4679-ad74-dd327c2efa39,True,236655949,2021-08-06T08:33:05.850Z,2021-08-06T08:33:05.850Z,9,"蘇一直強調他老婆很有錢很漂亮笑死
我修過他兩次的課",1.0,False,False,{},False,F,中原大學,,[],False,False,,False,False,9,False,,,False,,,
642e3ab4-4c42-48c7-af4e-9fe594750ae9,True,236655949,2021-08-06T09:12:24.184Z,2021-08-06T09:12:24.184Z,10,"陳仲志真的推！
上課大部分都是放關於歷史的電影",2.0,False,False,{},False,F,中原大學,,[],False,False,,False,False,10,False,,,False,,,
6db7c28a-b265-486a-9fd0-a8a8950e882b,True,236655949,2021-08-06T09:53:45.719Z,2021-08-06T09:56:29.693Z,11,"蘇真的是刷新我三觀的老師
刷新程度已經到他的課我都錄音
哪天真的不爽直接寄給教育部
上到學期中我就聽不下去他唬爛的東西了
認真說 完全學不到東西
有的話也是學到唬爛功力
啊我同學有堅持上到學期末
每個作業都有教 可能觀點跟老師的不一樣
但還是下去
所以這種老師還是建議不要嘗試",3.0,False,False,{},False,M,中原大學,,[],False,False,,False,False,11,False,,,False,,,False
2471b129-e76c-4e8c-ae9a-fa01ed51d849,False,236655949,2021-08-06T11:21:42.523Z,2021-08-06T11:21:42.523Z,12,"B7 但成績的部分我覺得可以再高一點XDDD 
我看到自己90分 班排1 有點嚇到
（以為班1會很高
B9 以他的價值觀而言
這個行為非常合理🤣
我都聽聽就好
B10 可惜我歷史不好 看完影片被點名回答問題真的很ㄘㄨㄚˋ🤧
B11 我有朋友也被電很慘
所以我一開始是抱著必死的決心去ㄉ
算是想磨練自己的心性（？）跟邏輯辯論力ㄅ",1.0,False,False,{},True,F,中原大學,,[],False,False,,False,False,12,False,,,False,,企業管理學系,
fa008af8-2104-481f-8d4c-96a8369edcd1,False,236655949,2021-08-06T11:28:22.656Z,2021-08-06T11:28:22.656Z,13,"B8 其實照樣照句能拿95已經蠻厲害了欸🤣
95跟99在他看來應該是差不多級別
只差在文字敘述的清晰度
跟帶給他的認同感（我猜啦

btw 他很愛上課點名我
因為我常常寫作業會跟他交流
也許你可以問問他如何邁向99分？
他應該不會吝嗇跟你討論",2.0,False,False,{},True,F,中原大學,,[],False,False,,False,False,13,False,,,False,,企業管理學系,
70057bbb-412e-4bfc-9eee-a42dec7f6c09,True,236655949,2021-08-06T16:36:04.568Z,2021-08-06T16:36:04.568Z,14,"B11 B13 
我想請問一下蘇老師的價值觀
到底是怎麼個極端法
能讓版上學長姐反應這麼兩極😕",3.0,False,False,{},False,M,中原大學,,[],False,False,,False,False,14,False,,,False,,,
24fdc327-de7b-4de9-bd46-495d9be6fca5,True,236655949,2021-08-06T19:22:42.184Z,2021-08-06T19:22:42.184Z,15,"天啊這篇感覺是我寫的XD
人設跟選課都跟我幾乎一樣！🤣🤣🤣
但蘇友瑞的我真的修的有點痛苦
可能我很不擅長長篇大論
不過課真的翹好翹滿🤫",1.0,False,False,{},False,F,中原大學,,[],False,False,,False,False,15,False,,,False,,,
5389b911-b2b5-4f33-9d09-4685d73fdee5,True,236655949,2021-08-06T20:15:02.865Z,2021-08-06T20:15:18.909Z,16,B11 聽他講話會牙起來,1.0,False,False,{},False,M,中原大學,,[],False,False,,False,False,16,False,,,False,,,False
0c7b5005-9170-4d54-8daf-9b18ed7027a0,False,236655949,2021-08-07T03:21:11.420Z,2021-08-07T03:21:11.420Z,17,"B14 價值判斷與分析這堂課
主要是以訓練「天學思考」為主軸
其中又內分「救贖觀」跟「修行觀」
兩種思考方式
而台灣人通常屬於後者的模式
所以蘇在教學上就會比較看重
學生對前者的理解
導致大家可能思維轉換很辛苦🤣
無法理解他所有上課的行為舉止
（其實他非常符合救贖觀ㄉ）

個人小建議
如果想挑戰看看他的課
可以去旁聽看看
不喜歡不要勉強（因為分數可能會不好看
喜歡但很痛苦的話
看是跟他多接觸了解他的想法
或是從他的課篩選資訊吸取（不要全聽
都是不錯堅持下去的方法",2.0,False,False,{},True,F,中原大學,,[],False,False,,False,False,17,False,,,False,,企業管理學系,
d094ddae-fe4e-405d-8318-71209d656c63,False,236655949,2021-08-07T03:24:12.966Z,2021-08-07T03:24:12.966Z,18,"B15 其實他是字數狂也不是沒有原因的
很多時候我只是想說趕快把他作業搞定
殊不知靈感一來直接寫了 2000 字⋯
一方面可能他被慣壞了哈哈哈哈
另一方面可能作業真的需要鋪陳前因後果
所以字數不夠多的話 思維邏輯可能就不夠緊密（畢竟我猜他可能思維也蠻跳痛）",2.0,False,False,{},True,F,中原大學,,[],False,False,,False,False,18,False,,,False,,企業管理學系,
dd08d46b-c928-4a49-b2ad-2170c7a7eb4b,True,236655949,2021-08-07T13:23:46.558Z,2021-08-07T13:23:46.558Z,19,"7超棒！
分數超級甜",1.0,False,False,{},False,F,中原大學,,[],False,False,,False,False,19,False,,,False,,,
dbeea75c-9118-4fd8-a99d-6d1c2edc5dc8,True,236655949,2021-08-07T15:21:11.757Z,2021-08-07T15:21:11.757Z,20,"B14 他會告訴你他自己有多偉大多偉大
有多少老師的不法資料
還會跟妳說他老婆一年賺5000萬什麼什麼的
反正聽他上課真的像去看馬戲團的
耍猴戲第一名",0.0,False,False,{},False,M,中原大學,,[],False,False,,False,False,20,False,,,False,,,
1ed043e2-9a76-4045-ae43-dd6cf99ebe9c,False,236655949,2021-08-07T16:24:17.417Z,2021-08-07T16:24:17.417Z,21,"B19 他上課也很有趣😆
最有印象的就是「一盤炒蛋的啟示」",0.0,False,False,{},True,F,中原大學,,[],False,False,,False,False,21,False,,,False,,企業管理學系,
52c80d5f-0473-4113-8960-54c0d04f76d7,True,236655949,2021-08-07T17:26:13.514Z,2021-08-07T17:26:13.514Z,22,"B17 B20 
了解了 因為本新生是對批評思維有興趣
但是網路上爬文評價很兩極
一方是說老師只會打嘴砲
吹噓和浪費時間而已
但另一方又說老師上課有趣
給分很大方 學到很多有用的東西
真的完全被搞混了 
我是不怕累
但我怕學的東西都沒什麼用⋯⋯",0.0,False,False,{},False,M,中原大學,,[],False,False,,False,False,22,False,,,False,,,
74882785-c4c3-4d91-959c-6f7dd574171f,False,236655949,2021-08-08T01:57:12.932Z,2021-08-08T01:58:01.162Z,23,"B22 最好印證一堂課適不適合自己的方式
就是旁聽哦～👀✨
你的感官會告訴你答案ㄉ

而且他的課很好排🤣
他有偷偷把課集中在熱門時段",0.0,False,False,{},True,F,中原大學,,[],False,False,,False,False,23,False,,,False,,企業管理學系,False
9cd59bda-bf11-43bb-80b2-0ad58f7c2e34,True,236655949,2021-08-08T08:51:27.486Z,2021-08-08T08:51:27.486Z,24,"B22 如果你要說會不會學得到東西 然後又不怕累
就修吧 他特別的觀點不管你認不認同 是值得一聽的",1.0,False,False,{},False,F,中原大學,,[],False,False,,False,False,24,False,,,False,,,
9d5a7a67-4862-4a14-b62e-42b7ca8e2272,False,236655949,2021-08-08T15:46:58.830Z,2021-08-08T15:46:58.830Z,25,B24 心態很棒！給你個推💛,1.0,False,False,{},True,F,中原大學,,[],False,False,,False,False,25,False,,,False,,企業管理學系,
50c7c26d-9441-4c5a-bc74-9833cf89b635,True,236655949,2021-08-09T10:35:04.500Z,2021-08-09T10:35:04.500Z,26,想問企管系的陳蓁逸老師的經濟學還有羅顯辰老師的企業概論上課風格及方式😀,0.0,False,False,{},False,F,中原大學,,[],False,False,,False,False,26,False,,,False,,,
f355d6bf-c1e4-413d-b09f-0115f71019e9,False,236655949,2021-08-09T11:27:23.515Z,2021-08-09T11:27:23.515Z,27,"B26 蓁逸老師個人覺得蠻佛
雖然講義跟題目（選擇+手寫）都是全英
但授課很細心 內容簡單易懂
期中期末也會給題庫（大概1/3以上從題庫出）
重點是！！如果助教還是小馬
一定要好好拜她為師🥰🥰
練好小馬給的精華筆記+題目一定 all pass↑

至於企概@@
我不是給羅老師教的（感覺他是新上任ㄉ？
不過企概內容不難
我認為老師應該不會太刁難",0.0,False,False,{},True,F,中原大學,,[],False,False,,False,False,27,False,,,False,,企業管理學系,
a3d3f46d-e925-43ab-9f53-1f14690a4aba,True,236655949,2021-08-09T11:31:11.707Z,2021-08-09T11:31:11.707Z,28,B27 感謝細心回答🙏,1.0,False,False,{},False,F,中原大學,,[],False,False,,False,False,28,False,,,False,,,
9416db33-169c-481f-a523-cf7a779f4570,True,236655949,2021-08-17T14:53:48.239Z,2021-08-17T14:53:48.239Z,29,"B0 我想再請問一下 企管系的加簽是不是上網填表單 沒有到現場
如果是外系的 要怎麼知道表單連結和可以填的時間🥺
因為外系的好像沒辦法加入中原企管人社團🥲",0.0,False,False,{},False,F,中原大學,,[],False,False,,False,False,29,False,,,False,,,
0936d4d7-3402-4329-b7a8-003343938344,False,236655949,2021-08-17T16:07:03.259Z,2021-08-17T16:07:03.259Z,30,"B29 這我不清楚欸
你要不要打去系辦問問看比較準確～",0.0,False,False,{},True,F,中原大學,,[],False,False,,False,False,30,False,,,False,,企業管理學系,
06711bfe-6ed5-4c08-8235-224b551272f6,True,236647115,2021-08-04T15:36:06.421Z,2021-08-04T15:36:06.421Z,1,老師人超好 上他的課很有趣 只是他蠻看重出席成績的,0.0,False,False,{},False,F,中原大學,,[],False,False,,False,False,1,False,,,False,,,
a78c3c98-89bb-47a1-b934-07f8102500ef,True,236647115,2021-08-04T15:42:38.943Z,2021-08-04T15:42:38.943Z,2,"好老師一位
上課風趣，成績公開（第一次上課就會講規則）
他不會希望當人，除非太超過",0.0,False,False,{},False,M,中原大學,,[],False,False,,False,False,2,False,,,False,,,
527c6c6e-60b6-4efb-b986-d9a41f491236,False,236647115,2021-08-04T17:33:55.265Z,2021-08-04T17:34:26.178Z,3,"大推，人超級好
只要有讀講義，考試一定高分
而且老師上課很風趣",0.0,False,False,{},False,M,中原大學,,[],False,False,,False,False,3,False,,,False,,機械工程學系,
b0741d81-3151-4288-a070-846663d356ff,True,236647115,2021-08-04T22:04:03.370Z,2021-08-04T22:04:03.370Z,4,暑修上過大推 不過真的是出席很重要，其他不要太超過基本上不會太刁難,0.0,False,False,{},False,F,中原大學,,[],False,False,,False,False,4,False,,,False,,,
1af2177c-78a9-45df-99a3-6df464afd336,True,236647115,2021-08-05T07:25:17.612Z,2021-08-05T07:25:50.780Z,5,"超好過
每堂都會點名
但只要遵守他的規則
根本不會被當(´･ω･`)",0.0,False,False,{},False,F,中原大學,,[],False,False,,False,False,5,False,,,False,,,False
52d312f7-2259-45d1-8408-7bc4533925dc,True,236640367,2021-08-03T17:54:08.533Z,2021-08-03T17:54:08.533Z,1,好人一生平安,8.0,False,False,{},False,M,中原大學,,[],False,False,,False,False,1,False,,,False,,,
242de870-0d45-497f-aecf-dd3b4b200a6e,True,236640367,2021-08-03T18:02:59.722Z,2021-08-03T18:02:59.722Z,2,推推 實用文,3.0,False,False,{},False,M,中原大學,,[],False,False,,False,False,2,False,,,False,,,
ccd27058-4728-48ba-94d8-6d7e02432419,True,236640367,2021-08-03T19:05:56.133Z,2021-08-03T19:05:56.133Z,3,"推
看到一堆不需要分組的
最適合我這種邊緣人了 🥺",27.0,False,False,{},False,F,中原大學,,[],False,False,,False,False,3,False,,,False,,,
da23257f-f589-4ff1-a6da-dd8e2e1ec19d,True,236640367,2021-08-03T19:08:08.021Z,2021-08-03T19:08:08.021Z,4,B0 飲食那裡 是「去不到5次」還是「沒去不到5次」兩個差很多,0.0,False,False,{},False,M,中原大學,,[],False,False,,False,False,4,False,,,False,,,
59cb4c67-a1b7-4dc5-ba2d-35e41f749fcb,True,236640367,2021-08-03T19:11:07.869Z,2021-08-03T19:11:07.869Z,5,非常感謝了🙏🏼,0.0,False,False,{},False,F,中原大學,,[],False,False,,False,False,5,False,,,False,,,
fe1cae67-1e23-45e6-8864-2d5a84669227,True,236640367,2021-08-03T19:12:15.073Z,2021-08-03T19:12:15.073Z,6,B4 抱歉 已修正,0.0,False,False,{},True,F,中原大學,,[],False,False,,False,False,6,False,,,False,,,
5e451197-f293-4374-9345-3b0b590abb43,True,236640367,2021-08-03T19:12:46.228Z,2021-08-03T19:12:46.228Z,7,B3 我也超討厭分組 根本社交障礙啊🤔,1.0,False,False,{},True,F,中原大學,,[],False,False,,False,False,7,False,,,False,,,
3027d5bf-0f5f-4ba3-a69b-75a698594d78,True,236640367,2021-08-03T19:14:51.679Z,2021-08-03T19:14:51.679Z,8,B6 不好意思 新生想問 看過很多學長姐會去搶課 大一有必要嗎？,0.0,False,False,{},False,M,中原大學,,[],False,False,,False,False,8,False,,,False,,,
3aee6c7f-ce52-4e96-8ede-760d3b212ed5,True,236640367,2021-08-03T19:19:13.727Z,2021-08-03T19:19:13.727Z,9,"B8 基本上大一的必修課蠻多的 可搶可不搶 
因為你們搶課時間是第一週加退選
通常很難搶的熱門的課 幾乎都是學長姐不要的剩課
不過運氣好 可能可以搶到熱門的課程
或是考慮多修系上自己開的系選",1.0,False,False,{},True,F,中原大學,,[],False,False,,False,False,9,False,,,False,,,
7a2baf3e-adc9-4a29-8a72-9d506e17179d,True,236640367,2021-08-03T19:22:23.192Z,2021-08-03T19:22:23.192Z,10,B9 再問個問題 通識有限 一學期最多修幾個（不算衝堂）或是至少修幾個（畢業前修完就好）嗎？,0.0,False,False,{},False,M,中原大學,,[],False,False,,False,False,10,False,,,False,,,
9969a924-d870-424b-9a2c-ede434d50a1f,True,236640367,2021-08-03T19:25:28.877Z,2021-08-03T19:25:28.877Z,11,"B10 學校好像對於這個要修多少通識有做修改
新生體驗營會跟你們說明
因為你們也是開學後才能搶課
所以不急",1.0,False,False,{},True,F,中原大學,,[],False,False,,False,False,11,False,,,False,,,
31fe1068-7528-4531-9d4f-dbb406218753,True,236640367,2021-08-03T19:31:56.086Z,2021-08-03T19:31:56.086Z,12,B11 感謝,0.0,False,False,{},False,M,中原大學,,[],False,False,,False,False,12,False,,,False,,,
f07a93b9-ce8b-439a-b749-3cf5d09aa6d5,True,236640367,2021-08-03T23:37:44.314Z,2021-08-03T23:37:44.314Z,13,推！！,1.0,False,False,{},False,F,中原大學,,[],False,False,,False,False,13,False,,,False,,,
c261be03-e25f-4226-b526-2fdf0738ab79,True,236640367,2021-08-04T03:42:08.162Z,2021-08-04T03:42:08.162Z,14,"推李清義跟世堅
功課都不會很多
世堅的課蠻輕鬆的，但會傳麥克風，問你然後你回答的還會反問你為什麼這麼想😂，覺得老師的課很勵志，還會有幾個影片心得，如果有交就會加分
然後我是109-2上李清義的非同遠距的課，所有功課都是在期末前交，
兩個都8X幾分過",1.0,False,False,{},False,F,中原大學,,[],False,False,,False,False,14,False,,,False,,,
195b2726-1357-4002-aa7f-9df770383f6b,True,236640367,2021-08-04T04:44:07.626Z,2021-08-04T04:44:41.697Z,15,"B14 我修的時候很少傳麥克風🤣
因為有一個超級愛回答老師問題的學生
只要一回答 就會講很多的那種😅",0.0,False,False,{},True,F,中原大學,,[],False,False,,False,False,15,False,,,False,,,False
3ee88219-8a27-4300-92c9-7d959609d71a,True,236640367,2021-08-04T06:25:50.656Z,2021-08-04T06:28:47.938Z,16,"完了這下更多人搶了可惡
順便說一下吳昶興的宗哲也很輕鬆，老師也很好分數爆炸甜
我100過",3.0,False,False,{},False,F,中原大學,,[],False,False,,False,False,16,False,,,False,,,
3d50f097-d1dc-4841-8077-fa4deed58ddb,True,236640367,2021-08-04T07:26:12.140Z,2021-08-04T07:26:12.140Z,17,謝了 剛好很需要這篇,0.0,False,False,{},False,M,中原大學,,[],False,False,,False,False,17,False,,,False,,,
0419b251-02f0-4049-9be1-e25609e729df,True,236640367,2021-08-04T08:25:51.734Z,2021-08-04T08:25:51.734Z,18,你好棒 感謝你～～～,0.0,False,False,{},False,F,中原大學,,[],False,False,,False,False,18,False,,,False,,,
0405ca78-abe7-4981-b8a2-8ca07569eb0d,True,236640367,2021-08-04T09:34:11.434Z,2021-08-04T09:34:11.434Z,19,推一個 科學與信仰 分數很甜～,0.0,False,False,{},False,F,中原大學,,[],False,False,,False,False,19,False,,,False,,,
e818f3d5-33f6-4986-9a03-1bf62e9d57cb,True,236640367,2021-08-04T11:12:13.930Z,2021-08-04T11:12:13.930Z,20,推 蘇友瑞老師的課,1.0,False,False,{},False,M,中原大學,,[],False,False,,False,False,20,False,,,False,,,
2a5a8b73-2295-4b18-8e21-32ebcc1e997f,True,236640367,2021-08-04T13:18:19.882Z,2021-08-04T13:18:19.882Z,21,"洪泰雄老師有點名吧 上學期剛修完
不過他是放點名表在第一排座位上 一進門自己拿老師放在那裡的筆去打勾就好～",0.0,False,False,{},False,F,中原大學,,[],False,False,,False,False,21,False,,,False,,,
6cfab9f9-2bac-4766-8164-59dd714a4388,True,236640367,2021-08-04T14:03:10.288Z,2021-08-04T14:03:34.844Z,22,b21 我修的時候完全沒有點過名耶~109-1修的,0.0,False,False,{},True,F,中原大學,,[],False,False,,False,False,22,False,,,False,,,
9a175331-254c-4dc8-8a76-f8ceb4d79076,True,236640367,2021-08-04T19:05:00.773Z,2021-08-04T19:05:00.773Z,23,"生命與品格典範超推 輕鬆又高分
作業最後一次忘了交 最後99分過的",0.0,False,False,{},False,M,中原大學,,[],False,False,,False,False,23,False,,,False,,,
dc2085ed-6826-4147-974e-c0bc54e08a26,True,236640367,2021-08-05T02:42:31.010Z,2021-08-05T02:42:31.010Z,24,"何的客家語言文化 真的很涼分數又高👍
李清義的課真滴爽～",0.0,False,False,{},False,F,中原大學,,[],False,False,,False,False,24,False,,,False,,,
bb3bbe12-114a-4544-9897-98cb13fe6564,True,236640367,2021-08-05T02:45:33.618Z,2021-08-05T02:45:33.618Z,25,"外加推 談士榮的文化思想史 
每堂上課去前面簽完名字就可以溜走了～我記得沒去上課期中期末也會寫",0.0,False,False,{},False,F,中原大學,,[],False,False,,False,False,25,False,,,False,,,
d3905949-0eed-4764-b9a1-2b92931d8be2,True,236640367,2021-08-07T19:11:49.110Z,2021-08-07T19:11:49.110Z,26,"怎麼能沒有陳仲志老師的區域文明史
沒修到他的通識課大概中原白唸了",0.0,False,False,{},False,M,中原大學,,[],False,False,,False,False,26,False,,,False,,,
7d94b3f1-8c19-4d71-abce-bdd7aff091b1,True,236640367,2021-08-23T01:45:41.495Z,2021-08-23T01:45:41.495Z,27,想請問食品與健康這門課老師給的分數如何？,0.0,False,False,{},False,F,中原大學,,[],False,False,,False,False,27,False,,,False,,,
bb9aa907-22df-4861-b0d3-f1e48237163b,True,236640367,2021-08-23T05:47:17.626Z,2021-08-23T05:47:17.626Z,28,"B27 我有兩次沒點到名 點名分一樣100
期中期末都是考他的PPT（有些是常識） 我都前一堂課才看 兩次都6x
期中期末作業兩次都8x
總分8x過的
排名大概10-20中間",1.0,False,False,{},True,F,中原大學,,[],False,False,,False,False,28,False,,,False,,,
11c33e51-50be-495d-a9b7-9dc290c2c176,True,236640367,2021-08-23T06:05:00.620Z,2021-08-23T06:05:00.620Z,29,B28 謝謝！,0.0,False,False,{},False,F,中原大學,,[],False,False,,False,False,29,False,,,False,,,
5ef623a9-e08c-4d8b-8024-ce9a9f242023,True,236608023,2021-07-30T10:55:54.560Z,2021-07-30T10:55:54.560Z,1,"人很好👍
從不點名的",2.0,False,False,{},False,M,中原大學,,[],False,False,,False,False,1,False,,,False,,,
1256088c-617c-4655-9a5f-2ea3c778f262,True,236608023,2021-07-30T10:59:18.125Z,2021-07-30T10:59:18.125Z,2,B1 教的呢,0.0,False,False,{},True,M,中原大學,,[],False,False,,False,False,2,False,,,False,,,
d175338b-d617-4ab9-a4b5-40ce0a252afb,True,236608023,2021-07-30T11:14:58.994Z,2021-07-30T11:14:58.994Z,3,四平八穩,0.0,False,False,{},False,M,中原大學,,[],False,False,,False,False,3,False,,,False,,,
9b0301d4-bdda-4198-89c5-7f01bee7f143,True,236608023,2021-07-30T12:55:03.323Z,2021-07-30T12:57:11.750Z,4,"當成績在邊緣時課輔+點名會救，成績好的可以不用管點名，上課個人覺得按照課本上課，有些比較簡單的部分自己看課本就可以稍微懂一些，本人是要老師上課+課後複習才比較容易吸收，有時候沒人回應時，會點一些人回答問題（算簡單的）
自己本身是輔系，知道內容不算多，參考就好",1.0,False,False,{},False,M,中原大學,,[],False,False,,False,False,4,False,,,False,,,False
01cf2f3b-9f10-4045-93ba-09c3fa08209b,True,236608023,2021-07-30T12:56:59.822Z,2021-07-30T12:56:59.822Z,5,涼到會冷,0.0,False,False,{},False,M,中原大學,,[],False,False,,False,False,5,False,,,False,,,
230b4431-4239-44f4-8dee-7fce9d9b27d3,True,236608023,2021-07-30T13:07:02.701Z,2021-07-30T13:07:02.701Z,6,菜心助教很厲害👍,0.0,False,False,{},False,M,中原大學,,[],False,False,,False,False,6,False,,,False,,,
cb30bcae-7b54-445e-aec4-61f0b6e2510c,True,236608023,2021-07-30T13:24:07.357Z,2021-07-30T13:24:07.357Z,7,助教很厲害,0.0,False,False,{},False,F,中原大學,,[],False,False,,False,False,7,False,,,False,,,
a6796f38-cce6-4133-beaa-8289c3c4833a,True,236608023,2021-07-30T14:11:19.309Z,2021-07-30T14:11:19.309Z,8,B4 好謝謝,0.0,False,False,{},True,M,中原大學,,[],False,False,,False,False,8,False,,,False,,,
d9cb542a-10ba-4818-8d61-65043b273c92,True,236608023,2021-07-30T14:30:36.687Z,2021-07-30T14:30:36.687Z,9,B6 怎麼個厲害,0.0,False,False,{},True,M,中原大學,,[],False,False,,False,False,9,False,,,False,,,
3078b3ab-8142-4220-8633-87ee3ba12ae7,True,236608023,2021-07-30T14:30:48.294Z,2021-07-30T14:30:48.294Z,10,B7 怎麼說,0.0,False,False,{},True,M,中原大學,,[],False,False,,False,False,10,False,,,False,,,
19f76642-c9a4-414d-952e-996de476ee1f,True,236608023,2021-07-30T14:59:01.711Z,2021-07-30T14:59:01.711Z,11,"上課就知道了 問這麼多幹嘛
是褒不是貶",0.0,False,False,{},False,M,中原大學,,[],False,False,,False,False,11,False,,,False,,,
b058dc42-69f2-41ae-abf6-e657421f13da,True,236608023,2021-07-30T15:03:32.025Z,2021-07-30T15:03:32.025Z,12,助教論文交了，估計要畢業嘍,2.0,False,False,{},False,M,國立臺北大學,,[],False,False,,False,False,12,False,,,False,,,
41352e85-bea1-43dd-8547-5d913a430e36,True,236608023,2021-07-30T16:56:53.998Z,2021-07-30T16:57:09.116Z,13,B4 想請問輔系，如果選課沒有選到（有輔系資格），可以去系辦人工加選嗎 謝謝🙏,0.0,False,False,{},False,F,中原大學,,[],False,False,,False,False,13,False,,,False,,,
13170892-8afa-49f2-984c-4f525db64566,True,236608023,2021-07-31T06:59:38.522Z,2021-07-31T09:52:17.056Z,14,"我是 B4
B13 我是去系辦人工加選的，可以",0.0,False,False,{},False,M,中原大學,,[],False,False,,False,False,14,False,,,False,,,False
3d12b6bc-7a6e-4cd5-9be9-42d83ef9ccfe,True,236608023,2021-07-31T09:59:42.655Z,2021-07-31T09:59:42.655Z,15,B9 助教今年畢業了，乃瑜是佛祖爽爽過,1.0,False,False,{},False,F,中原大學,,[],False,False,,False,False,15,False,,,False,,,
6a199a2d-aa1d-4b21-b5c8-14cc54e4a724,True,236608023,2021-07-31T12:09:20.404Z,2021-07-31T12:09:20.404Z,16,B15 乃瑜不就是助教嗎 那他教的呢,0.0,False,False,{},True,M,中原大學,,[],False,False,,False,False,16,False,,,False,,,
0ca4af08-57a7-4675-9d10-b26d1fe9ce53,True,236608023,2021-08-01T16:02:26.673Z,2021-08-01T16:02:26.673Z,17,B14 謝謝你~,0.0,False,False,{},False,F,中原大學,,[],False,False,,False,False,17,False,,,False,,,
c53827c7-7b69-4f2a-805b-03ec601a561f,False,236608023,2021-08-02T16:37:48.901Z,2021-08-02T16:37:48.901Z,18,"大一民總還算好過

建議年紀還小的可以讀兩輪，第一輪看你看得懂的參考書，第二輪把王澤鑑民總看完",0.0,False,False,{},False,M,中原大學,,[],False,False,,False,False,18,False,,,False,,財經法律學系,
f9cca1a9-900d-4b5c-b83c-a755c3322951,True,236608023,2021-08-03T02:38:38.635Z,2021-08-03T02:38:38.635Z,19,B16 助教是指老師的小老師那種概念,0.0,False,False,{},False,F,中原大學,,[],False,False,,False,False,19,False,,,False,,,
8891ffec-d0af-43ae-8e50-140c626f937e,True,236606961,2021-07-30T09:15:57.209Z,2021-07-30T09:15:57.209Z,1,#中原瑞德前來報到,0.0,False,False,{},False,M,中原大學,,[],False,False,,False,False,1,False,,,False,,,
f10fa647-cf49-4e55-ade5-b46d0e63a8da,True,236606961,2021-07-30T10:12:33.790Z,2021-07-30T10:12:33.790Z,2,"老師挺好人的 很喜歡學生有回應和自己意見
點名一般都是隨機找人回答問題當出席
考試主要是選擇和短答
組員和題目都是老師定的
報告後會要求其他同學提問題或意見
基本有去上課 就挺容易過的~",4.0,False,False,{},False,F,中原大學,,[],False,False,,False,False,2,False,,,False,,,
131df778-68e6-47d8-9b33-f5759817adda,True,236606961,2021-07-30T10:59:56.817Z,2021-07-30T10:59:56.817Z,3,B2 謝謝你呀～,0.0,False,False,{},True,F,中原大學,,[],False,False,,False,False,3,False,,,False,,,
726ee643-002d-4f82-9b7b-a26556560c43,True,236606961,2021-07-30T13:26:27.225Z,2021-07-30T13:26:27.225Z,4,歪個樓 老師之前是西點軍校的心理師哦🤣🤣,2.0,False,False,{},False,F,中原大學,,[],False,False,,False,False,4,False,,,False,,,
076bf7f6-9041-48ad-bd85-534bd84503b4,True,236606961,2021-07-31T12:09:16.174Z,2021-07-31T12:09:30.357Z,5,很值得修 而且蠻好過的 ～ 考試是用英語,1.0,False,False,{},False,F,中原大學,,[],False,False,,False,False,5,False,,,False,,,False
31a7764b-6e01-4b3c-9519-4c00c7a62102,True,236606961,2021-08-11T01:17:35.516Z,2021-08-11T01:18:35.821Z,6,"B2 想請問隨機找人回答都是問什麼問題呢
考試的內容會很難嗎～ 報告的話主題大概是什麼呢 謝謝🙇🏼‍♀️",0.0,False,False,{},False,F,中原大學,,[],False,False,,False,False,6,False,https://megapx.dcard.tw/v1/images/234b7853-ab4c-458a-8a60-f2dcc5185df4/encode/160,https://megapx.dcard.tw/v1/images/234b7853-ab4c-458a-8a60-f2dcc5185df4/encode/160,False,,,
2042f66d-ab41-4175-96f2-633c3ca11bb9,True,236606961,2021-08-11T01:22:28.827Z,2021-08-11T15:52:18.795Z,7,,,False,True,{},False,,,,[],True,False,,False,False,7,False,,,False,,,
f7c98ef7-548c-4dfa-b680-fc18da7a4058,True,236606961,2021-08-11T01:46:58.461Z,2021-08-11T01:46:58.461Z,8,"B6 一般都是根據課堂內容問的 回答不知道也可以😂
考試內容我覺得不是很難 如果有上課和考前看一下ppt基本都能寫 比較難的可能是英文的部分🤭
報告題目的話 每組都不一樣 都是分析犯罪行為的案例",1.0,False,False,{},False,F,中原大學,,[],False,False,,False,False,8,False,,,False,,,
24fbd182-ccec-4bb4-b78d-66466e3d015a,True,236606961,2021-08-11T02:00:05.278Z,2021-08-11T02:02:00.222Z,9,B8 所以他ㄉ問題都不會太難嗎🤣 那上課會有課本嗎 還是我們帶筆記本去寫筆記呢 他分組是隨機自己分配完跟我媽說嗎～,0.0,False,False,{},False,F,中原大學,,[],False,False,,False,False,9,False,https://megapx.dcard.tw/v1/images/234b7853-ab4c-458a-8a60-f2dcc5185df4/encode/160,https://megapx.dcard.tw/v1/images/234b7853-ab4c-458a-8a60-f2dcc5185df4/encode/160,False,,,
65c248dd-6ef5-4485-ac60-08aac4c61d76,True,236606961,2021-08-11T03:08:54.406Z,2021-08-11T03:08:54.406Z,10,"B9 我認為有稍微想一下就能回答老師的問題 就算真的沒想法 跟老師直說也沒關係 他也只是想學生有思考過程
有沒有課本我忘了 反正我是只聽老師說的什麼也沒寫
題目和名單都會放在ilearning 你媽會不會知道我不清楚 但我只知道大學生什麼也要問得那麼仔細就可以退了🙂",0.0,False,False,{},False,F,中原大學,,[],False,False,,False,False,10,False,,,False,,,
eb8e8da7-5df8-4f69-830f-e0810985848f,True,236606961,2021-08-11T03:43:24.750Z,2021-08-11T03:44:38.274Z,11,B10 我只是把我們打成我媽 後面不用那麼酸吧哈哈 就是好奇才想問 其他選課的人不也都問很多嗎 跟大學生有什麼關係 但還是謝謝你回答我喔：）,0.0,False,False,{},False,F,中原大學,,[],False,False,,False,False,11,False,https://megapx.dcard.tw/v1/images/234b7853-ab4c-458a-8a60-f2dcc5185df4/encode/160,https://megapx.dcard.tw/v1/images/234b7853-ab4c-458a-8a60-f2dcc5185df4/encode/160,False,,,
ccb448f0-6f16-44a4-9ae6-353a1fe55e6d,True,236547703,2021-07-22T11:52:12.519Z,2021-07-22T11:52:12.519Z,1,"我去年有修過這堂但不是這個老師…但我那時的老師只是掛名而已，真正上課的是外聘(今年制度可能有改)
假如真的是陳在上課，那恭喜你，她的課很好過",2.0,False,False,{},False,F,中原大學,,[],False,False,,False,False,1,False,,,False,,,
fd043082-0e40-4009-9fa2-f0eb3e63b4de,True,236547703,2021-07-22T11:54:48.984Z,2021-07-22T11:55:25.919Z,2,"上學期說是許婷婷老師開課，後來莫名其妙沒通知改成孟子辰，給你參考一下。
至於過不過的話我覺得就要看自己的學習態度跟時力了，但不難",1.0,False,False,{},False,M,中原大學,,[],False,False,,False,False,2,False,,,False,,,False
ec8e917a-4090-442d-a29f-a00901fa9f54,True,236547703,2021-07-22T12:42:19.430Z,2021-07-22T12:42:19.430Z,3,B1 B2 謝謝你們😃😃😃😃😃,1.0,False,False,{},True,M,中原大學,,[],False,False,,False,False,3,False,,,False,,,
eca27dc4-d8b2-46f9-9efc-7b13e7086f86,True,236547703,2021-08-17T10:40:08.442Z,2021-08-17T10:40:08.442Z,4,B3 最後選了嗎哈哈哈,1.0,False,False,{},False,F,中原大學,,[],False,False,,False,False,4,False,,,False,,,
35a8175b-cec5-4eac-aa7b-d9a4a93b9447,True,236547703,2021-08-17T10:55:26.160Z,2021-08-17T10:55:26.160Z,5,B4跟我的系選衝堂了😭😭😭 希望下學期跟這老師有緣，我比較擔心我的體育，都沒有上🥲🥲🥲,0.0,False,False,{},True,M,中原大學,,[],False,False,,False,False,5,False,,,False,,,
fc54ca1f-e17c-425b-a739-7181d5569465,True,236547703,2021-08-17T11:19:31.472Z,2021-08-17T11:19:31.472Z,6,B5可惜了 我剛剛還在思考要不要加選一下哈哈哈哈 體育真的很難我也有朋友還沒上🥲希望你可以順利選上啦😀,1.0,False,False,{},False,F,中原大學,,[],False,False,,False,False,6,False,,,False,,,
7bb4c7d2-7a6f-4568-bfb3-f6d44ba03948,True,236440218,2021-07-08T14:35:23.277Z,2021-07-08T14:35:23.277Z,1,"輔系系統上會顯示啊
只要你跟國貿沒關係 就可以修

我認為
暑修選會開課的
不然到時一場空",1.0,False,False,{},False,F,中原大學,,[],False,False,,False,False,1,False,,,False,,,
bb999af7-f853-4b13-8f49-dbd1826d7e60,True,236440218,2021-07-08T15:26:07.607Z,2021-07-08T15:26:07.607Z,2,B1  謝謝妳回應 我三個都有選 還在考慮要怎麼選一堂去修,0.0,False,False,{},True,M,中原大學,,[],False,False,,False,False,2,False,,,False,,,
43589664-d102-4385-8b2b-c20b9722ce92,True,236440218,2021-07-08T17:48:27.787Z,2021-07-08T17:48:27.787Z,3,文謙這學期只當了2個 暑修很少人不意外,0.0,False,False,{},False,M,中原大學,,[],False,False,,False,False,3,False,,,False,,,
1dc8fc7d-62cd-4f03-b56a-1f59493860e7,True,236440218,2021-07-09T12:45:25.103Z,2021-07-09T12:45:25.103Z,4,我只修過劉的課...我覺得他的課普通，算好過，不過聽他說英文會有點痛苦就是了......,0.0,False,False,{},False,F,中原大學,,[],False,False,,False,False,4,False,,,False,,,
c6c69ad5-f785-4086-b56e-d95180548b23,False,236440218,2021-07-11T08:45:31.391Z,2021-07-11T08:45:31.391Z,5,也可以直接選重修我們系的廖老師很好過期中期末考口試,0.0,False,False,{},False,M,中原大學,,[],False,False,,False,False,5,False,,,False,,土木工程學系,
08f87bc5-45dc-4f14-840d-15179e4f4cff,True,236440218,2021-07-12T02:11:52.712Z,2021-07-12T02:11:52.712Z,6,"修江老師的可以學到很多東西（自製講義）
但算是系上大的大刀
比較推皮老師的",0.0,False,False,{},False,M,中原大學,,[],False,False,,False,False,6,False,,,False,,,
36eec0be-90df-4503-9cf6-59d0a15804b7,False,236143748,2021-06-01T04:45:22.723Z,2021-06-01T04:45:22.723Z,1,想認真學習的還是有不少人，也可以真的學到東西，當然來混學歷的也不少，因為應華錄取門檻相較學校其他系來得低，想來戰系的自然多，上了大學對自己負責就好，不要那麼在意別人怎麼說，規劃好自己大學生活可以快快樂樂過得很充實～,47.0,False,False,{},False,M,中原大學,,[],False,False,,False,False,1,False,,,False,,應用華語文學系,
ae67439b-77e7-402b-bc73-71ab07836e6f,True,236143748,2021-06-01T05:02:22.740Z,2021-06-01T05:35:18.932Z,2,,,False,True,{},False,,,,[],True,False,,False,False,2,False,,,False,,,
361f7983-edfa-48fe-b8d1-3b377ec9435f,False,236143748,2021-06-01T05:15:43.747Z,2021-06-01T05:15:43.747Z,3,"我有老師夢，所以唸的很開心，除了老師，也有人走教材編輯、出版、數位教學等方面，如果有興趣一定會喜歡應華的課程，專業度是全國華語教學系所中數一數二的。
但如果你對教育、教材、出版等都沒興趣，建議轉系、輔系、雙主修等，不要擺爛四年。
應華日常被戰系，沒關係，你知道自己的方向，做好分內的工作，會給身邊的人刮目相看的好印象。",26.0,False,False,{},False,F,中原大學,,[],False,False,,False,False,3,False,,,False,,應用華語文學系,
2b46a8e8-9ba8-4fac-8556-f6aae0184fa5,False,236143748,2021-06-01T05:22:53.180Z,2021-06-01T05:22:53.180Z,4,我們系上認真的人也有很多，系上的老師對學生還有課程的規劃都還不錯，我覺得讀應華系很不錯，出路很廣，可以跨語言、跨國籍，我從來沒有後悔選擇應華系。,13.0,False,False,{},False,F,中原大學,,[],False,False,,False,False,4,False,,,False,,應用華語文學系,
c67357e0-144d-4f75-bd62-ce6c29300a1e,True,236143748,2021-06-01T06:09:49.059Z,2021-06-01T06:09:49.059Z,5,有興趣的人當然會覺得很棒，但妳看到未來的薪水就會覺得自己是低能兒了😉,3.0,False,False,{},False,F,中原大學,,[],False,False,,False,False,5,False,,,False,,,
d69c26b6-919b-4849-9fa5-90592ef58b37,True,236143748,2021-06-01T06:32:39.400Z,2021-06-01T06:32:39.400Z,6,"每個系在板上都很負面啊
畢竟日常戰系",1.0,False,False,{},False,F,中原大學,,[],False,False,,False,False,6,False,,,False,,,
6db6d8d5-5b6f-4ff1-b6a4-f5ea41b31be5,True,236143748,2021-06-01T06:52:58.392Z,2021-06-01T06:52:58.392Z,7,這裡好正面,1.0,False,False,{},False,F,中原大學,,[],False,False,,False,False,7,False,,,False,,,
eeabe976-16c6-445a-8cd5-38dcef6b8005,True,236143748,2021-06-01T06:53:37.375Z,2021-06-01T06:53:37.375Z,8,B6 只有資工不被戰,1.0,False,False,{},False,F,中原大學,,[],False,False,,False,False,8,False,,,False,,,
cdf272ea-81cf-47c8-9ed7-5850b1f72a53,True,236143748,2021-06-01T06:56:08.465Z,2021-06-01T17:40:15.200Z,9,,,False,True,{},False,,,,[],True,False,,False,False,9,False,,,False,,,
0dcd0646-d506-442f-aab0-bff2297eb036,True,236143748,2021-06-01T07:40:17.410Z,2021-06-01T07:40:17.410Z,10,"我有過三個應華系室友（不同階段，三個人互不認識)
雖然有原本就不太喜歡這個系的室友
但也有真的真的很認真的應華系朋朋
我很認真地從他身上得到很多
他很努力在充實自己，無論是增進知識、完善教學或是出國增廣見聞，還參加了一些很花時間的社團
他很忙碌，但同時他也是在提升自己的價值
所以我覺得，一個人如何，應該取決於他的態度和行為，而不是他唸的學系甚至是學校，相信原po你也可以
我本身也有輔應華，我去上的好幾堂課都有很認真的人！
每個系都有很認真的人，也有混學分的人，但希望作弊的行為不會再出現了啦😍（兩年前的事了啦～應該早就畢業了）",4.0,False,False,{},False,F,中原大學,,[],False,False,,False,False,10,False,,,False,,,
f5d63d21-7dc3-4c30-a832-f96fa54bbe88,True,236143748,2021-06-01T08:39:01.183Z,2021-06-01T08:39:01.183Z,11,我前女友就應華的 人正心也美,0.0,False,False,{},False,M,中原大學,,[],False,False,,False,False,11,False,,,False,,,
e52194d5-27d6-4e54-b2eb-cbdddf39c392,True,236143748,2021-06-01T09:17:58.344Z,2021-06-01T09:17:58.344Z,12,B11羨慕,1.0,False,False,{},False,M,中原大學,,[],False,False,,False,False,12,False,,,False,,,
6059a22c-02b5-4295-9a4d-dfdf4778570a,True,236143748,2021-06-01T10:33:49.886Z,2021-06-01T10:33:49.886Z,13,"建議你看這篇，我覺得原po寫得很棒

應華系、中文系！？（◞•̀д•́)◞⚔◟(•̀д•́◟ )  https://www.dcard.tw/f/cycu/p/236138668?cid=953A3387-1F90-4A6A-885C-9F45A1E39B1C",1.0,False,False,{},False,M,中原大學,,[],False,False,,False,False,13,False,,,False,,,
29a511bd-3841-4902-b447-c301cb03d530,True,236143748,2021-06-01T10:35:31.000Z,2021-06-01T10:35:31.000Z,14,沒事啦 每年每個月會輪流戰系,0.0,False,False,{},False,F,中原大學,,[],False,False,,False,False,14,False,,,False,,,
1e2dca68-5ded-4b46-9ae2-421a475db57f,False,236143748,2021-06-01T10:51:33.168Z,2021-06-01T11:01:38.801Z,15,我覺得應華學的東西有興趣的話真的會學的很高興！雖然有些教授的教學不是那麼討人喜歡⋯但他們幾乎都有自己編教材和製作PPT 也還是挺有用的～ 另外風氣的部分其實我覺得我身邊的朋友都蠻認真也很有自己的想法！雖然外系好像常常說我們系出公車 但是我覺得畢竟我們系基本上全是女生 總會幾個女生比較愛玩 其實別系也會有的 只是我們女生真的太多了 出現的機率比較高啦🥲 基本上你做好你自己 自愛的話 別系的人來認識你也不會以不好的名義冠在你頭上的！,0.0,False,False,{},False,F,中原大學,,[],False,False,,False,False,15,False,,,False,,應用華語文學系,
602e9118-42cc-4064-8f41-a579ea44defc,False,236143748,2021-06-01T10:52:06.354Z,2021-06-01T11:06:00.917Z,16,"請大家今年把應華戰爆，我要看到血流成河，讓應華再次偉大！！！
我知道講這個會被砲啦，但我想跟大家玩個猜謎，請問為什麼公車站要設在應華系門口呢？























答案心照不宣就好，不然可以往上看一些留言，說不定會有解答",1.0,False,False,{},False,M,中原大學,,[],False,False,,False,False,16,False,,,False,,企業管理學系,
28958de6-8189-4dcc-a4cc-27db917980ee,False,236143748,2021-06-01T11:04:13.071Z,2021-06-01T11:04:13.071Z,17,B9 不好意思 我今年入學 為什麼資工不會被戰系？,0.0,False,False,{},False,M,中原大學,,[],False,False,,False,False,17,False,,,False,,資訊工程學系,
13d0089c-8fed-4455-ad09-0e02863c71cd,True,236143748,2021-06-01T11:12:27.076Z,2021-06-01T11:12:27.076Z,18,應華不是正妹系嗎,1.0,False,False,{},False,M,中原大學,,[],False,False,,False,False,18,False,,,False,,,
8c562d08-0009-4537-aab2-01e640a8666f,False,236143748,2021-06-01T11:46:23.738Z,2021-06-01T11:47:25.052Z,19,,,False,True,{},False,,,,[],True,False,,False,False,19,False,,,False,,,
7f17dc17-bcc6-46b6-b66a-cd84061b4a3a,True,236143748,2021-06-01T11:47:15.884Z,2021-06-01T11:49:47.659Z,20,,,False,True,{},False,,,,[],True,False,,False,False,20,False,,,False,,,
8a92e52c-7e85-404b-a8e2-80f0df569d61,False,236143748,2021-06-01T11:57:01.611Z,2021-06-01T11:57:01.611Z,21,系上還是有很多認真的人～如果自己有興趣的話，會唸得滿開心的，不管在哪個系，上大學最需要的就是自制力，以及多看多學，最重要的是自己學到了些什麼。課程的話，基本上只要自己認真聽課和複習，大部分不會有太大的問題，加油！,1.0,False,False,{},False,F,中原大學,,[],False,False,,False,False,21,False,,,False,,應用華語文學系,
0f99ec22-c492-4de5-a725-30feb2871b2c,False,236143748,2021-06-01T12:14:39.311Z,2021-06-01T12:17:05.795Z,22,,,False,True,{},False,,,,[],True,False,,False,False,22,False,,,False,,,
5f1f9b0e-e9ba-407e-9289-f85ce6671865,True,236143748,2021-06-01T12:15:40.830Z,2021-06-01T12:15:40.830Z,23,B17 太辛苦了 respect,0.0,False,False,{},False,M,中原大學,,[],False,False,,False,False,23,False,,,False,,,
c22a76c0-1c0a-4304-832e-48c1b01243d0,False,236143748,2021-06-01T12:16:39.146Z,2021-06-01T12:16:39.146Z,24,"其實從應華系畢業的學生有90%不會從事本科系相關職業

                             By 應華系某教授",4.0,False,False,{},False,M,中原大學,,[],False,False,,False,False,24,False,,,False,,應用華語文學系,
bc96b8d0-012a-475e-835a-140421a654f0,False,236143748,2021-06-01T14:59:35.076Z,2021-06-01T15:02:15.367Z,25,,,False,True,{},False,,,,[],True,False,,False,False,25,False,,,False,,,
6ba852e8-fba0-445d-8cc5-e50c5f581f54,True,236143748,2021-06-01T16:42:01.483Z,2021-06-01T16:42:01.483Z,26,謝謝許多學長姐那麼認真回覆我～讀完每篇評論後感到非常安心 也更確定進應華的決心 真的謝謝你們,3.0,False,False,{},True,F,中原大學,,[],False,False,,False,False,26,False,,,False,,,
02bf32fa-76d4-4017-9f1e-5c1ccb193d40,False,236143748,2021-06-02T06:34:23.627Z,2021-06-02T06:34:23.627Z,27,"這篇很溫暖也很正向說得我也認同
師傅領進門，修行看個人。你自己決定過怎麼樣子的校園生活就會有什麼樣子的收穫
雖然我很茫然很擔心但也學得很開心，學習使我安心
努力嘗試各種機會，試過才知道
當你不確定適不適合自己時，請永遠記得給自己一個機會試試看",1.0,False,False,{},False,F,中原大學,,[],False,False,,False,False,27,False,,,False,,應用華語文學系,
e4d471e0-334e-457c-9c11-18617a99d49e,False,236143748,2021-06-02T09:20:16.103Z,2021-06-02T09:21:09.627Z,28,"推推小連很棒！可以從他身上學到很多
還有看你用什麼心態看這個系 才能學的開心😻",2.0,False,False,{},False,F,中原大學,,[],False,False,,False,False,28,False,,,False,,應用華語文學系,
a06166b9-f5f0-4338-9d9b-4f73c231e67d,True,236143748,2021-06-02T12:20:04.569Z,2021-06-02T12:20:04.569Z,29,"什麼系都有認真努力的人
也有混吃等死的廢物
規劃好自己的目標努力向前就好
另外就是交朋友要小心
很多三觀不正的人不要被帶偏",1.0,False,False,{},False,M,中原大學,,[],False,False,,False,False,29,False,,,False,,,
83d44270-7eda-4e59-8d17-6bbeda7ee685,True,236143748,2021-06-02T13:34:10.646Z,2021-06-02T13:34:10.646Z,30,應滑公車係,0.0,False,False,{},False,F,中原大學,,[],False,False,,False,False,30,False,,,False,,,
41f29e03-f431-4a00-bd4b-2e4c4b394f96,False,235888771,2021-05-01T09:28:06.721Z,2021-05-01T09:28:06.721Z,1,塊陶，請乖乖轉去會計系謝謝,3.0,False,False,{},False,M,中原大學,,[],False,False,,False,False,1,False,,,False,,財務金融學系,
905d181c-3c97-4cff-9b45-8878229000b8,False,235888771,2021-05-01T09:30:47.720Z,2021-05-01T09:32:32.660Z,2,"中原商學院很不優欸，若非要，那會計系確實是相對比較好的選擇...

如果想待在財金，那...乖乖修課，升大三的時候報名大碩，誠摯建議。",6.0,False,False,{},False,M,中原大學,,[],False,False,,False,False,2,False,,,False,,國際經營與貿易學系,
b6b2948d-1418-41d4-bc5b-bcc15961fb32,True,235888771,2021-05-01T09:31:03.863Z,2021-05-01T09:31:03.863Z,3,學姐說去銀行兩萬七 給你參考,0.0,False,False,{},False,F,中原大學,,[],False,False,,False,False,3,False,,,False,,,
70255344-fcc6-499e-bb59-21b9331d2da4,False,235888771,2021-05-01T09:32:39.943Z,2021-05-01T09:32:39.943Z,4,B0 低卡留言看看就好 修行在個人啦,11.0,False,False,{},False,M,中原大學,,[],False,False,,False,False,4,False,,,False,,電子工程學系,
1d3d15b9-c4fa-4645-b07a-acedf59ded8e,False,235888771,2021-05-01T09:39:33.616Z,2021-05-01T09:39:33.616Z,5,B1 可以請問為什麼嗎？,0.0,False,False,{},True,F,中原大學,,[],False,False,,False,False,5,False,,,False,,財務金融學系,
d6f08e96-6c0e-4be8-be03-b4fde104f255,False,235888771,2021-05-01T09:40:07.789Z,2021-05-01T09:40:07.789Z,6,"B2 B3 B4 
好的謝謝你們～",0.0,False,False,{},True,F,中原大學,,[],False,False,,False,False,6,False,,,False,,財務金融學系,
c9ccb244-0405-48a9-8e12-5b5625d0003d,False,235888771,2021-05-01T10:26:08.872Z,2021-05-01T10:26:08.872Z,7,"來認真回一下。
老實說，評價我不清楚，畢竟我沒比較過，而中原起初是以理科聞名。
系上有幾位老師很認真也教的很好。
建議先考慮是否想要「雙主修」、「輔修」、「考研究所」，前兩者可二選一但請盡早申請（可以申請退掉，所以別怕用了就要讀完。），最後一個跟前兩者其中一個同時，會搞的你非常累，很難有其他安排。
關於課程，個人建議：必修>通識必修>=選修>通識選修。
如果你會猶豫，盡量把課往前幾年塞，這樣至少四年級比較有時間考研究所、證照。
關於自由學分，如果有雙主修or輔修，就不太需要擔心，沒有的話就要去看學程之類的了。
（先這樣，有想到再來講。）",4.0,False,False,{},False,M,中原大學,,[],False,False,,False,False,7,False,,,False,,財務金融學系,
0da6a429-9972-44be-aac8-2cb0775134f6,False,235888771,2021-05-01T10:34:42.616Z,2021-05-01T10:34:42.616Z,8,https://i.imgur.com/CqIyt7v.png,0.0,False,False,{},False,M,中原大學,,"[{'id': '07c8822b-69a2-4c7e-ab80-ca36b9ab67e5', 'url': 'https://i.imgur.com/CqIyt7vl.jpg', 'normalizedUrl': 'https://i.imgur.com/CqIyt7vl.jpg', 'thumbnail': 'https://i.imgur.com/CqIyt7vl.jpg', 'type': 'image/thumbnail', 'tags': [], 'createdAt': '2021-05-01T10:34:42.616Z', 'updatedAt': '2021-05-01T10:34:42.616Z', 'width': 497, 'height': 362}, {'id': '07c8822b-69a2-4c7e-ab80-ca36b9ab67e5', 'url': 'https://i.imgur.com/CqIyt7v.png', 'normalizedUrl': 'https://imgur.com/CqIyt7v', 'thumbnail': 'https://i.imgur.com/CqIyt7vl.jpg', 'type': 'image/imgur', 'tags': [], 'createdAt': '2021-05-01T10:34:42.616Z', 'updatedAt': '2021-05-01T10:34:42.616Z', 'width': 497, 'height': 362}]",False,False,,False,False,8,False,,,False,,財務金融學系,
1ae2bff2-4520-4f18-b082-64f65257dcea,False,235888771,2021-05-01T10:38:58.286Z,2021-05-01T10:38:58.286Z,9,推B4，然後塊陶,4.0,False,False,{},False,M,中原大學,,[],False,False,,False,False,9,False,,,False,,會計學系,
00104642-e0d7-43b2-96e2-10ac37cdab13,True,235888771,2021-05-01T10:41:04.671Z,2021-05-01T10:41:04.671Z,10,會計系表示：別來 快逃！,5.0,False,False,{},False,M,中原大學,,[],False,False,,False,False,10,False,,,False,,,
57234be0-99c7-44e2-88bb-0944b022dd93,False,235888771,2021-05-01T10:51:05.472Z,2021-05-01T10:51:05.472Z,11,"準備轉學考或重考(認真的)
不然到時候也是要考研洗學歷",0.0,False,False,{},False,F,中原大學,,[],False,False,,False,False,11,False,,,False,,財務金融學系,
21b7a759-3b77-42b7-b214-5fecab13bca6,False,235888771,2021-05-01T11:05:37.820Z,2021-05-01T11:05:37.820Z,12,B7 謝謝你回那麼認真！,0.0,False,False,{},True,F,中原大學,,[],False,False,,False,False,12,False,,,False,,財務金融學系,
daf85312-0e30-4236-9760-5b869de38dec,True,235888771,2021-05-01T11:12:13.439Z,2021-05-01T11:12:13.439Z,13,內轉電資，選我正解,0.0,False,False,{},False,M,中原大學,,[],False,False,,False,False,13,False,,,False,,,
b2ff97a6-af6e-4b25-a604-98222da4a8bf,True,235888771,2021-05-01T15:54:52.791Z,2021-05-01T15:55:30.313Z,14,"還好啦 進來認真準備考研 也是可以考到台大
（不是台大財金）",0.0,False,False,{},False,M,國立臺灣大學,,[],False,False,,False,False,14,False,,,False,,,
2bd1e347-f93a-4eec-826c-f34fd4e16598,True,235888771,2021-05-02T02:53:41.925Z,2021-05-02T02:53:41.925Z,15,B11 你大幾？,0.0,False,False,{},False,M,中原大學,,[],False,False,,False,False,15,False,,,False,,,
708fd71a-8005-4c9b-8521-44bf3737914a,False,235888771,2021-05-02T05:50:30.180Z,2021-05-02T05:50:30.180Z,16,"不要來啦(இωஇ )
https://i.imgur.com/2mBj8aW.jpg",1.0,False,False,{},False,F,中原大學,,"[{'id': 'a3443e80-c8e4-42e8-bb74-62c04281e04c', 'url': 'https://i.imgur.com/2mBj8aWl.jpg', 'normalizedUrl': 'https://i.imgur.com/2mBj8aWl.jpg', 'thumbnail': 'https://i.imgur.com/2mBj8aWl.jpg', 'type': 'image/thumbnail', 'tags': [], 'createdAt': '2021-05-02T05:50:30.180Z', 'updatedAt': '2021-05-02T05:50:30.180Z', 'width': 1078, 'height': 1058}, {'id': 'a3443e80-c8e4-42e8-bb74-62c04281e04c', 'url': 'https://i.imgur.com/2mBj8aW.jpg', 'normalizedUrl': 'https://imgur.com/2mBj8aW', 'thumbnail': 'https://i.imgur.com/2mBj8aWl.jpg', 'type': 'image/imgur', 'tags': [], 'createdAt': '2021-05-02T05:50:30.180Z', 'updatedAt': '2021-05-02T05:50:30.180Z', 'width': 1078, 'height': 1058}]",False,False,,False,False,16,False,,,False,,會計學系,
e37eda5b-6a31-4b3b-bfb4-d785210caf9e,False,235888771,2021-05-02T11:43:51.037Z,2021-05-02T11:43:51.037Z,17,"會計系去四大
起薪34000但你會累的比狗還不如",0.0,False,False,{},False,F,中原大學,,[],False,False,,False,False,17,False,,,False,,會計學系,
5fcb9112-9905-448f-8a20-4b9ec664076d,False,235888771,2021-05-02T12:20:52.783Z,2021-05-02T12:20:52.783Z,18,乾我就爛，會計好難看不懂，就我最笨,0.0,False,False,{},False,F,中原大學,,[],False,False,,False,False,18,False,,,False,,國際經營與貿易學系,
b0ea5399-45ce-449d-8d54-76c43ce966be,False,235888771,2021-05-02T12:23:40.072Z,2021-05-02T12:23:40.072Z,19,B18 有跟我一樣停休了嗎.....,0.0,False,False,{},False,M,中原大學,,[],False,False,,False,False,19,False,,,False,,國際經營與貿易學系,
c1dc4dc1-419d-4269-8b00-50461efb02eb,True,235888771,2021-05-02T12:27:16.657Z,2021-05-02T12:27:16.657Z,20,B19 停了，可是想到之後要還債就快瘋了,0.0,False,False,{},False,F,中原大學,,[],False,False,,False,False,20,False,,,False,,,
dbff1f7c-260f-47ce-af41-4a09eb77952f,True,235888771,2021-05-02T12:33:51.135Z,2021-05-02T12:33:51.135Z,21,B20 會計系不是很涼ㄇ？🤔,0.0,False,False,{},False,M,中原大學,,[],False,False,,False,False,21,False,,,False,,,
44b1fc28-d4f4-4837-81a5-252115d91ee7,False,235888771,2021-05-02T12:36:41.400Z,2021-05-02T12:37:18.098Z,22,"B21 誰跟你涼 每個禮拜都在考試
必修一路到大四",0.0,False,False,{},False,F,中原大學,,[],False,False,,False,False,22,False,,,False,,會計學系,
7b9a0493-32bc-4039-8e2b-dff4ca178288,True,235888771,2021-05-02T12:39:36.970Z,2021-05-02T12:40:03.889Z,23,B22 是ㄇ？可是我同學從工學院轉到會計系以後他說感覺就像是從地獄解脫進入天堂一樣欸，他覺得會計系真的蠻涼ㄉ,1.0,False,False,{},False,M,中原大學,,[],False,False,,False,False,23,False,,,False,,,
69c11608-4cfc-4280-81b4-521224b5e6c6,False,235888771,2021-05-02T12:49:21.262Z,2021-05-02T12:50:11.652Z,24,"B23 乾會計真的是很無聊很無聊
算微甲都比較爽快欸",0.0,False,False,{},False,M,中原大學,,[],False,False,,False,False,24,False,,,False,,國際經營與貿易學系,
028251b6-7535-4ca2-af5c-a08995364342,False,235888771,2021-05-22T23:58:19.899Z,2021-05-22T23:58:19.899Z,25,會計真的超~無聊的，別讀，像我已經轉系落跑了,1.0,False,False,{},False,F,中原大學,,[],False,False,,False,False,25,False,,,False,,會計學系,
3fa35b23-dde8-420e-b3c3-46ddd89b89a6,True,235869035,2021-04-28T14:42:34.939Z,2021-04-28T14:50:41.766Z,1,"我去年暑修就是修他的課，事情多功課也多，沒想到他學期正課居然玩更大，辛苦妳們了

不過他去年暑修是真的不太當人，雖然過程就是蠻…*&%，但是最後的成績蠻高的",3.0,False,False,{},False,M,中原大學,,[],False,False,,False,False,1,False,,,False,,,
7d615d09-6c69-47b5-868d-fef3bb569c63,True,235869035,2021-04-28T14:47:35.836Z,2021-04-28T14:47:35.836Z,2,"我懂你的感覺...
我也有修他的課
為了自保 不方便說太多
原po小心一點 
標題最好再改掉一個字 
太明顯會危險",3.0,False,False,{},False,M,中原大學,,[],False,False,,False,False,2,False,,,False,,,
8882f58d-0677-4df5-845d-1cd043c96dc3,True,235869035,2021-04-28T14:52:37.227Z,2021-04-28T14:52:37.227Z,3,好人一生平安,1.0,False,False,{},False,F,中原大學,,[],False,False,,False,False,3,False,,,False,,,
0ecd7f0e-e783-4079-813b-105ed16bc08e,True,235869035,2021-04-28T14:54:04.555Z,2021-04-28T14:54:04.555Z,4,卡,0.0,False,False,{},False,M,中原大學,,[],False,False,,False,False,4,False,,,False,,,
730ce49e-a796-41c0-a2e1-65922518a229,True,235869035,2021-04-28T15:05:23.004Z,2021-04-28T16:26:05.475Z,5,"曾經修他的英聽課
期中考遲到兩分鐘就直接被鎖在門外 QQ

（已更新）",1.0,False,False,{},False,F,中原大學,,[],False,False,,False,False,5,False,,,False,,,
28c6a04b-92b8-4a93-a849-54fc5b1ecacd,True,235869035,2021-04-28T15:09:02.369Z,2021-04-28T15:09:02.369Z,6,"他會看Dcard
恭喜你 你的文章可能會出現在考試題目",14.0,False,False,{},False,F,中原大學,,[],False,False,,False,False,6,False,,,False,,,
7ffc419f-6ff4-460a-b94e-b47d59e6db8c,True,235869035,2021-04-28T15:12:40.849Z,2021-04-28T15:15:14.334Z,7,"我是去年修他的英文課 一開始也覺得作業很多還是什麼的 但是整個學期結束發現有認真在上他課的人 真的會學到很多東西 而且自己也有默默的在進步 拍那麼多影片 第一個影片跟現在的影片 你口說一定不一樣了 如果你每次都很認真拍 我能保證你一定是越講越好 

中原有認真準備上課教材的老師不多了  而且英文很重要 不是用一學分來衡量的吧

他講話是直接了一點 但是我覺得是因為他很有原則 現在的大學生越來越沒規矩 為什麼開始檢討起老師了== 樓上有人說期中考遲到被鎖在外面 你先遲到了欸⋯",108.0,False,False,{},False,F,中原大學,,[],False,False,,False,False,7,False,,,False,,,
742a74f4-2706-406b-8300-bd88a4e45a73,True,235869035,2021-04-28T15:20:09.263Z,2021-04-28T15:20:09.263Z,8,你打這篇，之後他又要拿來轟剩下在班上的人(´×ω×`),14.0,False,False,{},False,F,中原大學,,[],False,False,,False,False,8,False,,,False,,,
b73198c7-f042-4662-a42b-531f78e185d9,True,235869035,2021-04-28T15:22:49.979Z,2021-04-28T15:23:29.011Z,9,"B7 呃==可是他B5還是在考試開始後四十分鐘以內到場考試啊 憑什麼可以把學生鎖在門外不讓人考試 這不是學生的權益嗎
https://i.imgur.com/Nx6FTYk.jpg",61.0,False,False,{},False,F,中原大學,,"[{'id': 'aa993117-73ea-4d24-b20e-60e9ff40a312', 'url': 'https://i.imgur.com/Nx6FTYkl.jpg', 'normalizedUrl': 'https://i.imgur.com/Nx6FTYkl.jpg', 'thumbnail': 'https://i.imgur.com/Nx6FTYkl.jpg', 'type': 'image/thumbnail', 'tags': ['ANNOTATED'], 'createdAt': '2021-04-28T15:22:49.979Z', 'updatedAt': '2021-04-28T15:23:29.011Z', 'width': 822, 'height': 309}, {'id': 'aa993117-73ea-4d24-b20e-60e9ff40a312', 'url': 'https://i.imgur.com/Nx6FTYk.jpg', 'normalizedUrl': 'https://imgur.com/Nx6FTYk', 'thumbnail': 'https://i.imgur.com/Nx6FTYkl.jpg', 'type': 'image/imgur', 'tags': ['ANNOTATED'], 'createdAt': '2021-04-28T15:22:49.979Z', 'updatedAt': '2021-04-28T15:23:29.011Z', 'width': 822, 'height': 309}]",False,False,,False,False,9,False,,,False,,,
25e04c2c-90cf-4cde-b5c9-3caf7ada5110,True,235869035,2021-04-28T15:23:26.364Z,2021-04-28T15:23:26.364Z,10,"上學期修他的課真的超崩潰
後來英檢考過畢業門檻
這學期直接轉到一個超輕鬆的班有夠爽",1.0,False,False,{},False,F,中原大學,,[],False,False,,False,False,10,False,,,False,,,
f6b72f2b-8463-4204-8ec3-dd2137d5511f,True,235869035,2021-04-28T15:24:38.008Z,2021-04-28T15:24:38.008Z,11,B7 同意 B9 之前就有同學因為考前太緊張拉肚子，這樣晚進考場有錯嗎？,12.0,False,False,{},False,F,中原大學,,[],False,False,,False,False,11,False,,,False,,,
e9767a37-cb7d-45f2-a7fe-aaa8bdd4fa77,True,235869035,2021-04-28T15:38:21.436Z,2021-04-28T15:38:21.436Z,12,"B7 不懂你幹嘛噴別人晚進考場，40分鐘以內就是可以進入考場，學校的考場規則是定假的嗎？如果是小考老師有特別要求，那可能還有討論的空間，但集中排考不就是要依照學校規定。

B5 如果你所言屬實，你要不要申訴一下？",22.0,False,False,{},False,F,中原大學,,[],False,False,,False,False,12,False,,,False,,,
12d309d2-2244-4802-9a4c-c084f2407cd8,False,235869035,2021-04-28T15:40:52.438Z,2021-04-28T15:40:52.438Z,13,"我只上一堂半，他講話的那種態度讓我不爽到之後再也沒去過，我寧願學分送他，重修7年，我也不要再上孟子辰的課：）
多益過畢業門檻就可以轉班喔，我就在等今年暑假多益
他說話的態度真的很像在羞辱學生，叫我們看課文然後過三分鐘問誰還沒看完，有幾個人舉手，他就直接噴說讀課文這麼慢是怎樣什麼什麼的
總之是一堂壓力會非常大的課，看到同學的狼狽模樣，完全不後悔直接不去上課：）",16.0,False,False,{},False,F,中原大學,,[],False,False,,False,False,13,False,,,False,,心理學系,
449335aa-23ee-41b5-ac6e-68c32dcb83b9,True,235869035,2021-04-28T15:43:08.497Z,2021-04-28T15:43:08.497Z,14,"B7 我相信他的上課方式可以幫助一定的學生進步
不過對我來說 我是面對人群會恐慌的人
結果要因為成績被迫上台練習口說 
再加上老師這樣的授課態度
其實會讓人覺得不太友善

而且雖然英文固然重要 但同時其他學分數多
那系上必修的專業課程難道不重要嗎
多數人都覺得老師出的作業量確實超出合理範圍的話
我會覺得老師也可以稍作改善

老師有自己的原則很合理 不過每個人的想法本來就不一樣了
那我希望老師也可以選擇一個合理的方式表達他的原則
而不是選擇讓學生感到不適 或是剝奪學生權益的方式表達

另外 可能我需要的學習方式跟這位老師真的不合
所以我後來也選擇停修了（好幾個學期前的事了）",12.0,False,False,{},False,F,中原大學,,[],False,False,,False,False,14,False,,,False,,,
747489a3-2b0c-4335-9cc8-66247859ae97,True,235869035,2021-04-28T15:48:59.704Z,2021-04-28T15:48:59.704Z,15,B7 考試開始後40分鐘內都可以入場，這可是校方明定的規則,5.0,False,False,{},False,M,中原大學,,[],False,False,,False,False,15,False,,,False,,,
555d55db-bdaa-428d-ae18-a6b4056a3a7e,True,235869035,2021-04-28T15:56:10.239Z,2021-04-28T16:25:48.730Z,16,"B9 
B11 
B12 
B15 
各位 我是B5
我對不起各位 是我沒說清楚！！
我那時候修的是英聽
所以確實不是學校期中排考
🙇‍♀️🙇‍♀️🙇‍♀️🙇‍♀️🙇‍♀️🙇‍♀️🙇‍♀️
（已更新B5留言）",4.0,False,False,{},False,F,中原大學,,[],False,False,,False,False,16,False,,,False,,,
66e1601c-1354-47fc-a452-9b708a3a1777,True,235869035,2021-04-28T15:57:39.576Z,2021-04-28T15:57:39.576Z,17,B16 差點害到很多人⋯⋯,5.0,False,False,{},False,F,中原大學,,[],False,False,,False,False,17,False,,,False,,,
16fc6ead-74a0-47f8-b985-49c495388772,True,235869035,2021-04-28T16:03:35.960Z,2021-04-28T16:03:35.960Z,18,他的課可以學到很多欸 我中壢菁英補習還會去上他的字彙，有想認真或考托福或雅思的同學，建議可以修他的課！推推,10.0,False,False,{},False,F,中原大學,,[],False,False,,False,False,18,False,,,False,,,
bec02a54-f690-4820-aa0c-bf2d11921f08,False,235869035,2021-04-28T16:06:47.417Z,2021-04-28T16:06:47.417Z,19,"笑死人他的作業兩個小時內就能做完哪裡算多了？錄音是讓你練習口說發音，拍影片介紹東西是讓你練習對時事的想法並且用英文表達出來。而且大學講求獨立思考和自主學習，作業你管他有沒有聽或看，主要就是讓你練習，自己有問題就私底下去問他很難？這些練習也比其他放影片混的英文課有價值太多了。
再來說他態度問題，不得不承認他講話有時候比較尖銳，但是哪個不是事實？而且你的成績掌握在他的手上你當然不得不對他態度好阿，重修花的時間有比你跟他賭氣更值得？
總歸一句，重修不是沒理由",67.0,False,False,{},False,M,中原大學,,[],False,False,,False,False,19,False,,,False,,化學系,
0cf8e423-8237-441c-b600-a48229d9734f,True,235869035,2021-04-28T16:07:34.411Z,2021-04-29T20:45:06.293Z,20,,,False,True,{},False,,,,[],True,False,,False,False,20,False,,,False,,,
f2fe1c40-62d6-4b31-b514-460f60744e6b,True,235869035,2021-04-28T16:08:00.482Z,2021-04-28T16:08:00.482Z,21,某些人還真是自命清高呢！ㄏ,2.0,False,False,{},False,M,中原大學,,[],False,False,,False,False,21,False,,,False,,,
09192957-cd09-4083-b0a9-585391528ac8,True,235869035,2021-04-28T16:08:59.088Z,2021-04-28T16:12:53.299Z,22,"B19  欸我考試來上大學不是來被當狗罵的欸：）當然上他的課學得到東西，但也不是這麼不尊重人吧
我真的寧願重修跟轉班",5.0,False,False,{},False,F,中原大學,,[],False,False,,False,False,22,False,,,False,,,
eeeed73a-ecbd-48d7-b16c-6b7523e412fd,True,235869035,2021-04-28T16:11:54.533Z,2021-04-28T16:11:54.533Z,23,某些人還真是自取其辱呢！ㄏ,0.0,False,False,{},False,F,中原大學,,[],False,False,,False,False,23,False,,,False,,,
58b803ef-d3b6-4734-9d33-f3de13b10a28,False,235869035,2021-04-28T16:13:35.755Z,2021-04-28T16:13:35.755Z,24,B22 講幾句比較難聽的事實玻璃心就碎了喔？,10.0,False,False,{},False,M,中原大學,,[],False,False,,False,False,24,False,,,False,,化學系,
545a7d35-6bbd-4c5a-aafa-18a1a6c86627,True,235869035,2021-04-28T16:16:52.011Z,2021-04-28T16:16:52.011Z,25,"B12 
B9 
B11 
B15 
我是B7你們沒有上過他的英聽課就不要丟臉了 好嗎⋯⋯：）他英聽課從來不參加排考 而且他會在前一週把規定講清楚  

謝謝B16 澄清 但是他不是不能溝通的老師 所以如果是因為真的有事耽誤 他一定可以討論的",2.0,False,False,{},False,F,中原大學,,[],False,False,,False,False,25,False,,,False,,,
6e4f89b6-b971-4add-914b-b3583f72baa2,True,235869035,2021-04-28T16:17:21.108Z,2021-04-28T16:17:21.108Z,26,自取其辱？拎北早就畢業考去其他國立研所了，某人還在拿英文課說嘴也是滿可愛的啦～說不定還是讀文組咧 嘻嘻,2.0,False,False,{},False,M,中原大學,,[],False,False,,False,False,26,False,,,False,,,
a5cce625-85dd-43c8-a3d7-0a1d62cd96a3,True,235869035,2021-04-28T16:17:52.145Z,2021-04-28T16:19:38.764Z,27,"B24  我有錢有閒我可以上更好的菁英班，你說的是事實沒有錯啊，我說的也沒有錯
啊你也知道他講話難聽還待在他的班幫他講話求那一學分當哈巴狗
完全同意 B26  但沒有要戰文理組",0.0,False,False,{},False,F,中原大學,,[],False,False,,False,False,27,False,,,False,,,
8348bb05-88dd-4e62-9738-d17ea48d68d1,True,235869035,2021-04-28T16:18:07.328Z,2021-04-28T16:18:07.328Z,28,B26 文組怎麼了？,2.0,False,False,{},False,F,中原大學,,[],False,False,,False,False,28,False,,,False,,,
8d902185-bcb4-4ca9-9822-46fa78d25cd9,True,235869035,2021-04-28T16:19:13.776Z,2021-04-28T16:19:13.776Z,29,"他的課明明很快樂很好過
有啥好抱怨的...
他帶你脫離你的舒適圈欸",14.0,False,False,{},False,M,中原大學,,[],False,False,,False,False,29,False,,,False,,,
50d89dcd-0a9a-407a-b4cc-9000a58f449e,True,235869035,2021-04-28T16:20:54.710Z,2021-04-28T16:20:54.710Z,30,上課討論的東西 上完課交 不就是給你時間上課做了嗎？,4.0,False,False,{},False,F,中原大學,,[],False,False,,False,False,30,False,,,False,,,
cb4582d0-8d28-4dde-894f-8f90d13833c7,False,235729777,2021-04-09T01:29:50.637Z,2021-04-09T01:29:50.637Z,1,"1.上課不需要筆電哦，跟著老師的ppt搭配著課本就行了哦
2.基本上都有，不過好像也有住桃園地區的但沒抽到，這屆新生沒意外是住恩慈，我覺得恩慈雖然比較舊，但也不至於住起來比較差，公共衛浴都是有翻新過的，只是要共用書桌，但對我來說整體感覺是好的
歡迎你來到會計系 加油",7.0,False,False,{},False,F,中原大學,,[],False,False,,False,False,1,False,,,False,,會計學系,
54cf9a35-5e75-4aeb-94c1-78bcc514c2b2,True,235729777,2021-04-09T01:44:20.097Z,2021-04-09T01:44:20.097Z,2,"1.上課不太需要筆電唷！但是在宿舍筆電很重要，覺得還是需要買一台～
2.基本上住在外縣市都會有宿舍可以住ㄉ！在桃園市就比較難說，比較看運氣一點～
3.個人覺得大一的班代比較忙會需要做一些雜事，可以考慮把時間花在更有意義的地方（但可能也可以更快認識班上的同學），建議多參加社團或是學校的活動，大一的課業比較沒那麼繁重多參加活動交交朋友、探索不同的方向都是很好的選擇！
4.個人沒有先修，覺得升大學的那個暑假應該是人生中最輕鬆的一段時光！打工、考駕照、遊學或打工度假等等想嘗試什麼就去嘗試，未來有四年可以慢慢修課，不一定需要在暑假先修，當然如果仍想保持讀書學習的生活也是可以考慮的，誠心建議要趕快把畢業門檻（英檢中級初試、多益550）考過！
5.9月開學後會有三天的社團博覽會，可以去聽聽看學長姊的介紹再做決定（小小提醒：社費可以不用繳到四年，因為參加社團的活動通常只有大一，大二沒有當社幹的話也不太會去參加活動了），這邊不太好説哪個社團推薦與否，希望能找到適合你的社團！
歡迎來到中原會計系(((o(*ﾟ▽ﾟ*)o)))",4.0,False,False,{},False,F,中原大學,,[],False,False,,False,False,2,False,,,False,,,
2336d6d6-db1e-438a-8de0-0b4c7792ee09,True,235729777,2021-04-09T01:49:41.613Z,2021-04-09T01:49:41.613Z,3,住桃園 騎車15分鐘 有宿舍住 給你參考一下,1.0,False,False,{},False,F,中原大學,,[],False,False,,False,False,3,False,,,False,,,
07853f68-f60f-4d6d-9441-edc5df5c0d39,False,235729777,2021-04-09T03:08:04.560Z,2021-04-09T03:08:04.560Z,4,B1 謝謝學姐的建議(｡’▽’｡)♡,0.0,False,False,{},True,F,中原大學,,[],False,False,,False,False,4,False,,,False,,會計學系,
23a1fe82-48f0-4a4e-b240-f01b1dc7b7b1,False,235729777,2021-04-09T03:09:18.582Z,2021-04-09T03:09:18.582Z,5,B2 謝謝學姐的答覆，幫助我很多(´∀｀)♡,0.0,False,False,{},True,F,中原大學,,[],False,False,,False,False,5,False,,,False,,會計學系,
a5183cb4-dde2-459c-9020-964dc5e1ac5b,False,235729777,2021-04-09T03:09:55.850Z,2021-04-09T03:09:55.850Z,6,B3 了解，謝謝~~,0.0,False,False,{},True,F,中原大學,,[],False,False,,False,False,6,False,,,False,,會計學系,
30d30982-a1b9-4972-92d0-b5bf7f84fce2,True,235729777,2021-04-09T03:17:50.183Z,2021-04-09T03:17:50.183Z,7,最好要有一台自己的電腦喔！交作業報告都很需要使用。,2.0,False,False,{},False,F,中原大學,,[],False,False,,False,False,7,False,,,False,,,
abc4e1c5-33c4-4064-9aa4-1ae9d68b9ce6,False,235729777,2021-04-09T04:51:15.315Z,2021-04-09T04:51:15.315Z,8,B7 好的，謝謝╰(*´︶`*)╯,0.0,False,False,{},True,F,中原大學,,[],False,False,,False,False,8,False,,,False,,會計學系,
bbae1160-45d7-4024-8ca5-d385db373b28,True,235729777,2021-04-09T05:20:47.841Z,2021-04-09T05:20:47.841Z,9,"學習上能做的事
平板>>>>>>>筆電",0.0,False,False,{},False,M,中原大學,,[],False,False,,False,False,9,False,,,False,,,
4da86201-92cd-45ad-ae19-fbf0fee51032,False,235729777,2021-04-09T05:52:28.006Z,2021-04-09T05:52:28.006Z,10,B9 所以是平板筆電都要有嗎？,0.0,False,False,{},True,F,中原大學,,[],False,False,,False,False,10,False,,,False,,會計學系,
ecfa8044-0c25-4378-92b6-aa2b5b0a19dc,True,235729777,2021-04-09T05:56:44.752Z,2021-04-09T05:56:44.752Z,11,平板電腦不一定要有吧，我覺得電腦就夠了，當然還是看你個人喜好！如果沒有電腦的話可以去圖書館，但如果沒開就沒辦法😂,1.0,False,False,{},False,F,中原大學,,[],False,False,,False,False,11,False,,,False,,,
9fd70fa9-6b71-4e50-bb37-220f00dd9f7a,True,235729777,2021-04-09T05:58:56.910Z,2021-04-09T05:58:56.910Z,12,"平板不一定吧我沒用平板還是好好的
筆電是一定要的",1.0,False,False,{},False,M,中原大學,,[],False,False,,False,False,12,False,,,False,,,
5fba5d4e-ce36-44bc-9b27-4fb7729a94a6,True,235729777,2021-04-09T07:35:41.309Z,2021-04-09T07:35:41.309Z,13,抄筆記也可以呀，平板只是能搭配PPT，整理起來比較方便,0.0,False,False,{},False,F,中原大學,,[],False,False,,False,False,13,False,,,False,,,
2c4bf166-d8fa-427c-b003-12372ff67612,False,235729777,2021-04-09T07:44:58.498Z,2021-04-09T07:44:58.498Z,14,B11 我會再考慮一下的 謝謝😋,0.0,False,False,{},True,F,中原大學,,[],False,False,,False,False,14,False,,,False,,會計學系,
b595da5a-7444-488f-b58a-1f9f1d45cdd7,False,235729777,2021-04-09T07:45:38.267Z,2021-04-09T07:45:38.267Z,15,B12 好的 感恩🙏,0.0,False,False,{},True,F,中原大學,,[],False,False,,False,False,15,False,,,False,,會計學系,
7e6f487d-9b95-4142-82a5-de2588bac544,False,235729777,2021-04-09T07:46:49.844Z,2021-04-09T07:46:49.844Z,16,B13 現在還不太理解上課的方式及教授上課的風格，我可能會開學之後再決定要不要買平板，謝謝告知🙇,0.0,False,False,{},True,F,中原大學,,[],False,False,,False,False,16,False,,,False,,會計學系,
0d7140eb-d7b4-4eae-88de-add41a15faef,True,235729777,2021-04-09T08:27:13.590Z,2021-04-09T08:27:13.590Z,17,"住平鎮沒排到宿舍😢
有沒有住宿真的差很多",1.0,False,False,{},False,F,中原大學,,[],False,False,,False,False,17,False,,,False,,,
88d43df6-6d70-49d6-9d09-82645dbb5f7f,False,235729777,2021-04-09T14:10:17.754Z,2021-04-09T14:10:17.754Z,18,B17 是指車程時間嗎？,0.0,False,False,{},True,F,中原大學,,[],False,False,,False,False,18,False,,,False,,會計學系,
ff9ee71d-b243-4ab0-88e4-c5baaaea19be,True,235729777,2021-04-09T14:12:18.171Z,2021-04-09T14:12:39.915Z,19,"B18 車程時間當然是問題🤣
不過住宿比較容易交到朋友而且剛開學分組也比較容易找到組員
不過雷不雷以後就知道了",0.0,False,False,{},False,F,中原大學,,[],False,False,,False,False,19,False,,,False,,,
c6c72223-03c1-4577-bbad-20251cd33bc8,False,235729777,2021-04-09T14:17:43.908Z,2021-04-09T14:18:14.723Z,20,"B19 原來如此 謝謝(σ≧▽≦)σ
也希望你之後能抽到宿舍",0.0,False,False,{},True,F,中原大學,,[],False,False,,False,False,20,False,,,False,,會計學系,
c118e4fa-03b9-494d-b153-a0e5ce402db2,False,235729777,2021-04-09T15:21:12.563Z,2021-04-09T15:21:12.563Z,21,如果會計0基礎，建議把會計循環大略讀一遍。雖然初會簡單到笑，但底子沒打好之後會很痛苦。然後關於多益，550分只是及格門檻而已，至少考到750以上比較實在。當然你還有四年的時間可以慢慢努力，加油,0.0,False,False,{},False,M,中原大學,,[],False,False,,False,False,21,False,,,False,,會計學系,
9f314b97-723e-4c72-bbdd-8aa9515bf1a3,False,235729777,2021-04-09T15:25:54.101Z,2021-04-09T15:25:54.101Z,22,B21 請問學長會計系是英文要很好嗎？因為我英文不是那麼擅長0..0,0.0,False,False,{},True,F,中原大學,,[],False,False,,False,False,22,False,,,False,,會計學系,
5bc3be61-e1b0-4b55-813c-3595724c9c3c,False,235729777,2021-04-10T01:57:21.553Z,2021-04-10T01:59:14.721Z,23,,,False,True,{},False,,,,[],True,False,,False,False,23,False,,,False,,,
cab5a0dc-ae4c-4111-b0a7-7431df09219d,True,235729777,2021-04-10T05:18:16.910Z,2021-04-10T05:18:16.910Z,24,住宿一定可以吧 我朋友住中壢車站那大一都有宿舍住了,0.0,False,False,{},False,M,國立中興大學,,[],False,False,,False,False,24,False,,,False,,,
415b0ef8-7daa-440c-a773-b302bfc7e2a9,True,235729777,2021-04-10T08:00:38.825Z,2021-04-10T08:00:38.825Z,25,建議重考,0.0,False,False,{},False,M,中原大學,,[],False,False,,False,False,25,False,,,False,,,
036111ce-05ee-4afb-afc0-372dadd0d728,True,235729777,2021-04-13T03:59:48.524Z,2021-04-13T03:59:48.524Z,26,"唯一建議重考
除非你不在意你的肝",0.0,False,False,{},False,M,中原大學,,[],False,False,,False,False,26,False,,,False,,,
39be9c7c-e5bb-4a4d-9ea5-9b53f2c1b042,False,235729777,2021-04-13T06:44:10.908Z,2021-04-13T06:44:10.908Z,27,B26 真的假的...,0.0,False,False,{},True,F,中原大學,,[],False,False,,False,False,27,False,,,False,,會計學系,
5a29286c-2cda-4276-8b3e-e4a67734a35f,True,235729777,2021-04-13T06:49:23.406Z,2021-04-13T06:49:23.406Z,28,"絕對不唬爛 
四大 每天做到半夜假日還加班領3、4萬你領不領
一般公司早9晚6 準時下班 領3萬2 爽爽的
不過真的要走會計還是得去四大 薪資才有成長性",0.0,False,False,{},False,M,中原大學,,[],False,False,,False,False,28,False,,,False,,,
6f3361f8-bf36-42ef-a37b-ffb93f517e54,False,235729777,2021-04-13T06:52:38.773Z,2021-04-13T06:52:38.773Z,29,B28 可是我是繁星...,0.0,False,False,{},True,F,中原大學,,[],False,False,,False,False,29,False,,,False,,會計學系,
e64a8c59-385b-48c0-a2d2-e25af0e10e6f,True,235729777,2021-04-13T06:58:35.770Z,2021-04-13T06:58:35.770Z,30,那可能得請你自己領悟期中奧妙 至少我是沒有領悟到,0.0,False,False,{},False,M,中原大學,,[],False,False,,False,False,30,False,,,False,,,
fe8279af-0690-4402-90bd-5afd0f2545ed,True,235411699,2021-02-24T03:11:52.171Z,2021-02-24T03:11:52.171Z,1,我的老天鵝,1.0,False,False,{},False,F,中原大學,,[],False,False,,False,False,1,False,,,False,,,
32be9733-1bd5-46b2-9795-a2b03e17063f,True,235411699,2021-02-24T03:12:23.671Z,2021-02-24T03:12:23.671Z,2,我的老天鵝🦢,0.0,False,False,{},False,F,中原大學,,[],False,False,,False,False,2,False,,,False,,,
2dbb670c-69e5-4c0b-b4d2-6115c13777bc,False,235411699,2021-02-24T16:39:13.074Z,2021-02-24T16:45:26.239Z,3,,,False,True,{},False,,,,[],True,False,,False,False,3,False,,,False,,,
00650bb8-d0ad-483c-8b80-bfd52d4cff76,True,235411699,2021-02-24T16:43:58.589Z,2021-02-24T16:43:58.589Z,4,"上過他的課，她是一位很認真的老師，認真上她的課會學到很多東西
努力跟分數會成正比，拿過總成績100，他很敢給分數",0.0,False,False,{},False,F,中原大學,,[],False,False,,False,False,4,False,,,False,,,
6629c075-1d95-4ac8-aed8-f43c026a2a56,True,235411699,2021-12-08T14:13:41.993Z,2021-12-08T14:13:41.993Z,5,B4 想問你～有要分組嗎？作業很多嗎？,0.0,False,False,{},False,F,中原大學,,[],False,False,,False,False,5,False,,,False,,,
a68254a5-0c57-4f63-974d-ab77eadf04df,True,235411699,2021-12-09T12:32:38.037Z,2021-12-09T12:32:38.037Z,6,請問需要分組嗎？？,0.0,False,False,{},False,F,中原大學,,[],False,False,,False,False,6,False,,,False,,,
76272985-baa1-4536-bd23-b3a06dcff65d,False,235411767,2021-02-23T17:43:17.305Z,2021-02-23T17:43:17.305Z,1,"https://i.imgur.com/sUgmESZ.jpg
王乾安老師上課都用投影片 也會把投影片內容放在i-learning上",0.0,False,False,{},False,F,中原大學,,"[{'id': 'f537bd9c-d3ce-47dd-913a-276f6f5a085f', 'url': 'https://i.imgur.com/sUgmESZl.jpg', 'normalizedUrl': 'https://i.imgur.com/sUgmESZl.jpg', 'thumbnail': 'https://i.imgur.com/sUgmESZl.jpg', 'type': 'image/thumbnail', 'tags': [], 'createdAt': '2021-02-23T17:43:17.305Z', 'updatedAt': '2021-02-23T17:43:17.305Z', 'width': 1500, 'height': 2000}, {'id': 'f537bd9c-d3ce-47dd-913a-276f6f5a085f', 'url': 'https://i.imgur.com/sUgmESZ.jpg', 'normalizedUrl': 'https://imgur.com/sUgmESZ', 'thumbnail': 'https://i.imgur.com/sUgmESZl.jpg', 'type': 'image/imgur', 'tags': [], 'createdAt': '2021-02-23T17:43:17.305Z', 'updatedAt': '2021-02-23T17:43:17.305Z', 'width': 1500, 'height': 2000}]",False,False,,False,False,1,False,,,False,,應用外國語文學系,
cbb21f75-d802-4397-89a1-6eb37d6c917c,True,235411767,2021-02-23T17:44:16.685Z,2021-02-23T17:44:16.685Z,2,"B1 所以沒有課本也沒關係嗎
帶個筆記本去上課之類的就可以了？",0.0,False,False,{},True,M,中原大學,,[],False,False,,False,False,2,False,,,False,,,
40dab89e-bf44-4aca-b1c7-fc1d006be669,False,235411767,2021-02-23T17:47:17.973Z,2021-02-23T17:47:17.973Z,3,呃我是帶筆記本啦 然後期中期末靠投影片複習,0.0,False,False,{},False,F,中原大學,,[],False,False,,False,False,3,False,,,False,,應用外國語文學系,
60bafd08-8268-4e3b-ba0f-a8c7345a5d6d,True,235411767,2021-02-24T00:59:31.954Z,2021-02-24T00:59:31.954Z,4,乾安的課不用買課本看ppt就能及格了，要高分一定要買書,0.0,False,False,{},False,M,中原大學,,[],False,False,,False,False,4,False,,,False,,,
88ddcb9c-4b98-4e6c-8333-73caec064bd9,True,235411767,2021-02-24T02:44:33.905Z,2021-02-24T02:44:33.905Z,5,圖書館應該有 然後個人覺得沒買也沒差一樣高分過,0.0,False,False,{},False,F,中原大學,,[],False,False,,False,False,5,False,,,False,,,
9b56114e-139a-4977-8fdb-7b26582ce6c3,True,235411767,2021-02-24T06:55:35.578Z,2021-02-24T06:55:59.676Z,6,"我跟你一樣先修二再一（乾安老師）
個人覺得二蠻簡單的 一比較難
沒買課本 期中期末前1-2天看完老師的ppt
學期末94過給你參考",0.0,False,False,{},False,F,中原大學,,[],False,False,,False,False,6,False,,,False,,,
363b3623-ee0c-4711-a03e-edc3e9390799,True,235411767,2021-02-24T11:07:53.096Z,2021-02-24T11:07:53.096Z,7,"感謝大家🙏 明天可以放心去上課了
主要是怕有些老師會很介意上課沒課本",1.0,False,False,{},True,M,中原大學,,[],False,False,,False,False,7,False,,,False,,,
4778d578-da1e-404a-b258-32fc7eaf13e8,True,235411767,2021-02-24T12:53:52.925Z,2021-02-24T12:59:25.926Z,8,"其實老師會看Dcard唷🧐（hi老師~~
老師人很好，很照顧學生，上課幽默又能學到很多，我喜歡他的課是因為他給的架構都很清楚",3.0,False,False,{},False,M,中原大學,,[],False,False,,False,False,8,False,,,False,,,
e9108c7c-c357-4f6c-a2c8-4fe60a671f3f,False,235411767,2021-02-24T13:00:19.608Z,2021-02-24T13:00:19.608Z,9,"放心去上課吧
你會愛上他的",2.0,False,False,{},False,M,中原大學,,[],False,False,,False,False,9,False,,,False,,應用外國語文學系,
5a42bfbb-396b-48a9-9286-9ef4bca58588,True,235411767,2021-02-25T09:09:54.209Z,2021-02-25T09:09:54.209Z,10,老師抱歉啦QQ 我一定會認真上課的,0.0,False,False,{},True,M,中原大學,,[],False,False,,False,False,10,False,,,False,,,
d4a7eee4-3a4a-4384-bfaa-fb84507171b8,True,235411303,2021-02-23T16:38:47.738Z,2021-02-23T16:38:47.738Z,1,很讚,0.0,False,False,{},False,F,中原大學,,[],False,False,,False,False,1,False,,,False,,,
2a8b6745-30f8-4f2f-9b53-09177d1fa47d,False,235411303,2021-02-24T19:17:16.251Z,2021-02-24T19:17:16.251Z,2,老師人很好,0.0,True,False,{},False,M,原專浪子,,[],False,False,,False,False,2,False,,,False,,fowler,
cabedccf-0232-49c5-8399-a9cbcb998811,True,235411303,2021-05-04T17:10:17.890Z,2021-05-04T17:10:17.890Z,3,請問重出席嗎？！,0.0,False,False,{},False,F,中原大學,,[],False,False,,False,False,3,False,,,False,,,
