文章ID,標題,內文簡介
238246277,1-78創意思解 廖慶榮,"剛剛才加選到的課！看過之前的評價很兩極，但此學期是遠距課程，想請問有上過的同學可以分享對於此課程的看法嗎～～ ？"
238245426,倫理與現代生活 黃信二,請問有上過這堂課的同學，老師上禮拜上課有說什麼嗎？然後有修過的同學，老師上課評價怎麼樣？最後成績甜嗎？
238237750,網球 劉昆賢,"爬了評價有人說老師蠻好的，也有人說給分偏低、沒缺席可是考試一直沒過可能被當之類的，有沒有上學期修過的人可以給個建議或評價🥲我是常常接不到球的那種…"
238227346,托福口說訓練評價,"https://i.imgur.com/MwQ8R9k.jpg找了很久都沒有找到評價上過托福讀寫訓練的蠻多人不推的想請問有人上過鄭秀彬老師的口說訓練嗎上課模式大概是如何因為課在星期一兩堂都被放掉了所以不知道這位老師的上課模式"
238217844,企業危機管理 鄭詠隆,"這學期選到了這堂課 但是查不太到這堂課跟老師的評價因為是星期一的課 所以都還沒上過課想請教有修過這堂課的同學：老師上課風格還有評分標準謝謝"
238213783,保健食品概論,"請問這門課的評價如何？有沒有甚麼需要注意的地方？"
238207785,民法總則 洪瑋嬬老師,"想請問本科系的學生上過他的課後有什麼評價呢？因為是新老師，板上似乎沒有太多評論😭因為民法總則（上）不是修這位老師的課看到簡介說會當15%的學生，想請問對外系生來說會很吃力嗎？"
238206232,土木 工程經濟與財務,求問修過這堂系選的各位有沒有相關的評價或建議
238192007,羅筱靖 數位審計實務,想請問一下有修過的學長姐或同學，這門課的評價如何？老師與其他講師在上課分享的內容對未來就業有幫助嗎？感謝🙏
238186286,桌球（男女）一 陳仕杰,"有人上過這個老師的課嘛？🥺考試會不會很難？我看是考正手發球、左右推攻和步法（本人體育爆幹爛ㄉ⋯⋯😅）https://sticker-assets.dcard.tw/images/e13e11a8-5917-4ea8-8005-a288c93fb21b/orig.png爬文好像找不太到評價"
238186273,"區域文明史 吳佳融","剛剛加選到這門課，想請問今天上課有說上課評分方式或規則嗎？ 也想請問一下老師的評價如何 謝謝🙇‍♀️"
238186199,宗哲 蔡俊謙,查了資料發現都沒有發現關於老師的評價 請問有上過這堂課的同學 可以告訴我嗎？分數甜不甜？ 要不要分組報告？
238180735,薛光華-高速數位電路訊號完整,"想請問有修過這兩堂課的學長姐或同學能分享一下對這堂課評價嗎?因為這學期課在星期一，昨天放假下禮拜一也放假，但加推選只到下禮拜，所以想來問問看。謝謝https://sticker-assets.dcard.tw/images/764ff643-b618-4691-8e8b-7646a4d86e2d/orig.png"
238048782,審計抽樣,"請問有人有修過會計系開的審計抽樣嗎？看課綱不太懂實際會上哪些內容，網路上找不太到相關評價，希望學長姐們能分享一下修課心得🙏"
237936415,人工智慧實務應用 沙舟,"下學期有選到這堂課看課綱好像很吃重小組報告想問一下有修過這堂課的人的評價祝大家都搶得到課、系選修登記表單有登記都中獎！！https://sticker-assets.dcard.tw/images/5ca072d3-55d0-434a-9059-f58c4028c8e2/orig.png"
237837782,雲端服務 廖慶榮,"想請問廖慶榮老師的雲端服務 期中期末考會很難嗎 還有老師人如何有先爬文了但評價有點兩極 而且創意思解的評論比較多 想請問有沒有人修過雲端服務的"
237836905,生命倫理 歐力仁,想問問各位這堂課和老師的評價怎麼樣
237823026,朱蓓蕾人類安全與永續發展,"請問有人修過這堂課嗎？Dcard 和選課大全都查不到評價可以給點意見和感想嗎？謝謝～🥺🙇‍♀️"
237805408,劉文謙 投資學,"想請問老師當人的比率高嗎？😭平常作業都有繳交的話，期中期末成績大約落在哪裡會比較保險不會被當呢？爬文只有看到另一名老師的評價於是上來詢問謝謝大家！😭😭 祝大家期末加油！"
237774242,2-34 室內植栽	,"校版跟開課查詢都爬文過但都沒有找到相關的評價是莫華榕老師的課想問問看修過這門課的同學評價或是一些評分標準 非常感謝！https://sticker-assets.dcard.tw/images/c4c9a34e-a3fa-49c6-bf25-44a518f5543c/orig.png"
237772928,是不是不應該退宗哲,"二階登記上了鄒仁鴻看評價不太好退了結果現在登記也都不會上😢"
237767780,租稅實務&企業資源管理系統	,"想問問有沒有人修過李應淞&陳志明老師開的租稅實務還有黃朝信老師開的企業資源管理系統~我還缺系選2學分，目前有選上這兩個，在猶豫到底要選哪個比較好？大概看過課綱感覺都有點難😂想知道這兩個哪個比較容易一點（很怕考試很多很難或是課很硬）或是兩個老師評價如何~人很好嗎？拜託知道的人了！！謝謝你們(. ❛ ᴗ ❛.)"
237766834,2-EFG 金融控股專題	,想請問有人有修過財金系，焦建堯老師的金融控股專題嗎？想聽聽看該課堂相關資訊或評價，還是這位老師怎麼樣，謝謝！
237766271,問！國際租稅與會計的老師	,"這堂課開60個名額，然後還有47個餘額…好少人選這堂課！在dcard及選課大全都找不到評價…想問有人有修過這位老師的課嗎？如果有，可以給點評價或建議嘛🥺https://sticker-assets.dcard.tw/images/e425ebbe-6228-47a3-a89e-09365f96daac/orig.png"
237721935,中英翻譯	,"請問有學長姐上過羅芸芳老師的翻譯課嗎爬文沒看到這堂課的評價 蠻想知道上課模式"
237719640,洪福建 災難與創傷心理學	,"因為這堂課的評價太少想請問有修過這堂課的人 這堂課老師的上課方式/給分如何 謝謝！"
237715759,金融科技 陳若暉評價	,"爬文過都找不到請問之前有修過這堂課的人可以分享一下這堂規定及老師好不好嗎！謝謝🙏"
237715727,電子商務與社群行銷-鄭詠隆	,"沒有任何相關評價，似乎是新課？請問企管的同學有人知道嗎？鄭老師如何呢～？"
237715435,葉平-網路安全概論與實務、楊緒文-訊號與系統 評價	,"想請問有修過這兩堂課的學長姐或同學能分享一下對這兩堂評價嗎?目前只有找到一篇文章有網路安全概論與實務的評價 但只有一個回應謝謝https://sticker-assets.dcard.tw/images/764ff643-b618-4691-8e8b-7646a4d86e2d/orig.png"
237714695,現代公民量子科技素養	,"請問有人有修過這堂課嗎？找了網路上的文章都沒有關於這堂課的評價希望有上過的同學能分享一下🙏謝謝你們～"
237713476,半導體製程實務專題	,"有人上過這堂課能分享一下評價嘛～我會很感謝你的爬文了沒找到 ಥ_ಥ"
237711110,磨課師微型課程問題	,"想請教有人修過這兩堂課程的評價嗎~https://i.imgur.com/NAo9mlD.jpg因為申請輔系的時間比較晚，考慮到財法本系開的課程感覺大多都需要基礎。看課綱的話這兩堂課程好像蠻適合沒基礎的人上🥴謝謝大家的回答 (*^▽^*)"
237710905,哪一門課更值得選修	,"各位學長姐好~剛才查看選課系統有兩門課同一個時段，分別是：1.眼神通識-人(曾陽晴老師-愛情關係管理）2.系選修(宋正邦老師-英語演說）有上網找過兩位老師的評價都還不錯想請問應該先修通識還是系選修比較好呢或是有修過這兩位老師的課的人可以推薦一下謝謝你們!!"
237710801,企管系選	,這次登記上了兩堂系選修：商業智慧與資料分析 黃世翔、連鎖企業管理 鄭詠隆，但都找不到評價，想上來問問有修過課的同學們，請問你們覺得這兩堂課的課堂內容好嗎？是不是會有很多報告？（很多報告 = 每週都要報告的那種）先提前感謝回答的同學，祝大家二階登記、搶課都能選上自己喜歡的課～
237676108,問 劉洪鈞 產業分析 老師	,"版上好像沒有很多這個老師的評價想問修過他課的學長姐老師上課方式跟 分數給的甜嗎或是 是否好過、學得到東西嗎～"
237658520,數位音樂名師專題	,"有找過版上 評論很少請問有人有修過嗎想要請問一下評價(給分方式/上課方式)🙏🙏謝謝願意留言的人！"
237629980,人生哲學 趙念慈	,"有人修過他的課嗎？網路上找不到他的評價…修過的人可以講一下好不好過嗎？https://i.imgur.com/3uFY60w.jpg"
237098413,HELP!🙏商英口語表達-呂家茵	,"今晚想加選這門課，請問正在上的同學們可以分享一下評價和前幾堂課的進度、作業嗎？老師真的完全用英文上課嗎？謝謝大家🙏"
237080449,2-56 自然科學應用	,"剛剛搶到這堂通識找了一下評價最接近現在的只有2019年的文章加上疫情的關係想問老師上課方式、評分標準跟期中期末考的方式 還有看了課程大綱有分組報告 這兩週已經分組號碼拜託有修這堂課的同學幫幫我🥺"
237066231,4-56 中文經典閱讀 向鴻全	,"今天早上剛+選到 想問前兩個禮拜老師有沒有說什麼注意事項，我看選課系統上人數是60人，現在好像開放到室內80？這樣是有沒有要遠距？然後想請問一下這個老師的評價和給分方式～謝謝🙏"
237066169,1-56 台灣政治與民主 魏澤民	,"我是昨天剛加選到這堂課 不知道前兩週老師有沒有說接下來的課是要遠距還是實體？另外，這個老師的評價怎麼樣啊？給的分甜嗎？"
237065786,4-56 蘇友瑞 價值判斷與分析	,"想問一下老師目前上課有什麼注意事項嗎？因為剛好看到有餘額就選 然後才上Dcard 跟選課大全看發現評價很兩極 請問有修過的人有什麼要注意的嗎？"
237050853,柯慧鈴—區域文明史2-78	,"我查中原選課大全，發現她以前教文化思想史，沒有區域文明史的評價可查，所以想問一下有修過柯老師的區域文明史的同學，這堂課老師上課方式、分數甜不甜、考試與報告的方式之類的。會建議上課不專心的人修嗎？另外有其他基礎歷史的老師也可以推薦啊謝謝"
237048700,人哲-劉珮琳老師 課程評價	,"想問一下，這門課課程評價如何？老師好嗎？分數甜嗎？上課方式之類的？看到之前文章說有很多報告和討論，是真的嗎？請問如果持續遠距是要怎麼分組討論呢？報告都花差不多幾分鐘寫完呢？（因為不太想花時間在這門課上，但又想分數甜）還有其他分數甜又報告少的宗人哲老師可以推薦嗎？謝謝🙏"
237031199,實用英文（一）-吳秀英	,"想問問看這位老師的評價跟教學方法！有看過選課大全也在版上找過但都沒有評價🥲因為用的課本好像也沒有看過所以來問問看我的英文寫作滿爛ㄉ所以有點擔心如果有人願意分享真的感恩感恩！🙏🙏🙏https://i.imgur.com/DAfaR2j.jpg附上肥胖貓貓當供品🐱"
237030812,實用英文（一）鄭秀彬	,"想問一下有沒有人給這個老師教過，評價如何～想知道老師的評分方法跟標準因為我一下的時候考校內英檢有考過（壓線那種）但我英文真的很不好⋯希望老師不會太嚴格問到的話也不會刪文，留給之後的人做參考我有上選課大全查過了校版也只有老師教托福的評價實用英文的老師我基本上也一個一個看過留言了但都沒有找到答案，所以才上來發文的感謝大家🙏🏻"
236990126,加選 PBL課程 銷售管理實務 陳榮岳	"老師是第一次在中原教書所以找不太到他的評價！他也是中原企管第一屆畢業的學長銷售管理實務 開課班級：企管三丁PBL課程（可當自由學分！！）上課時間：星期四的567節三學分/選修出缺席、上課參與度 40%期中報告 30%期末考30%上課是老師自製的講義 不用買書沒有期中考 是分組報告 2-4個人一組期末考是open book（考老師發的講義跟上課內容）老師人超好！有任何問題都很願意回答叫我們不要在意分數只要上課學到東西就好了！就算回答的答案不正確或是不會老師都很有耐心的講解～～歡迎企管系跟外系的同學一起來加選！"
236980435,5-567 民法總則 洪瑋嬬	,"我是外系生有申請跨領域學程想請問有人修過這位老師的課嗎？ 推薦嗎？在板上沒有看到關於這位老師的評價"
236978334,文學經典閱讀 陳淑容老師	,"請問有人修過這門課嗎～找不到關於這個老師的評價"
236972045,國貿系選修	,"因為上選課大全沒有找到評價，所以來這邊問想請問一下國貿系 生涯規劃專題 吳治富老師上課評價如何？"
236958507,5-34 數位科技與民主 葉致微	,"查不太到什麼評價想請問有修過這堂課或葉致微教授的課的同學這堂課或葉致微教授的上課方式和評價 謝謝"
236954835,#台灣與世界 #人生哲學,想問一下 夏立言教授的台灣與世界 和 黃介文教授的人哲 評價怎麼樣 或是有沒有什麼要注意的～這次選課選到了這兩堂 謝謝各位！！
236954456,	醫療品質管理 徐台玲老師 評價,"詢問這堂課的評價？老師如何？給分方式？已爬文找不到老師的評價，想詢問有修過的人，希望能給個評價！謝謝～"
236944417,	石栢岡&魏立心,生態工程與藝術的對話	"請問有人修過這門課嗎？選課大全查不到評價可以給點意見感想嗎？謝謝～🙇🏻‍♀️"
236928781,	基礎攝影,	想請問有人上過李尚謙老師的基礎攝影嗎？因為網上都查不到相關資料，想參考評價，謝謝！
236928143,	李家遠-人哲	,"爬過文發現大家對這個老師的評價有點兩極，雖然也只是遞補6 還是問問大家覺得有需要取消嗎然後麻煩有上過課的學長姐可以分享一下心得🙇‍♂️"
236869147,	#鑑識科學的奧妙 #任修平	,"想問學長姐這堂課的評價如何呢網路上好少資料🤔還是他是新開的課呢？🤣我不確定哈哈哈對這堂課有興趣 所以想了解一下！謝謝🙏"
236780859,	#請益商設林媛媛 視覺傳達設計一	,"請問有學長姐有上過這堂課嗎？網路上查無評價想知道上過的人的心得 有要分組嗎？謝謝各位了🙇‍♀️🙇‍♀️🙇‍♀️"
236768206,	請問應華系的華語正音課	,"大家好，請問這門課的評價如何？ 選課大全上找不到相關的評論另外，有的系很硬不接受外系加簽，不知道應華系會不會也是這樣呢？感謝！"
236760963,	聖經生命美學 評價	,"乳題，各位修過這門課後，評價如何（實體或遠距皆可）因為第一次修，想參考各位的意見 感溫😊"
236757890,	人工智慧倫理議題 甘偵蓉	,上網都沒看到老師的評價還有上課方式，請問有修過這堂課的人，老師上課是什麼方法？分數甜嗎？
236745289,	鄭俊雄-網球（二）	,"想問鄭俊雄老師的課佛嗎？網上找不太到他的評價(´･_･`)上學期修了一覺得不太擅長我怕我修二會不及格被當 但又沒別的體育課有名額了不想大四下還要修體育啦求好心人幫我解答🥲"
236742731,	北歐神話 劉彥思	,想問一下這堂課的評價，因爲這邊好像很少這個老師但我資訊，是有看到老師是德國人，可能聽起來比較吃力🤔除了這個還有其他評價嗎？
236741692,	人哲 饒張清音	,二階加選加到4-12饒張清音老師的人哲、可是跟一樣加選到的課撞到⋯但看版上關於這個老師沒有太多評論、所以想問問有沒有人有修過這堂課&對老師的評價～謝謝大家🙏希望大家都能順利登記到想要的課！
236735858,	高爾夫 蘇榮立	,"想問這堂課評價如何 有爬文過但評價很少目前跟一趟延伸通識衝堂所以正在猶豫另外是每堂課都要付70元買球嗎還有老師的上下課時間會按照正常普通在校上課的時間嗎 還是會因為要移動距離而延後上課提早下課(因為我中午通常會需要打工)"
236734869,	翁立美 音樂中的歐洲人文	,"如題，我想問一下有人修過這堂課嗎？想問一下評價好不好！謝謝大家"
236734827,	4-78 高爾夫 風貞豪老師	,請問有人修過這個老師的課嗎🥺找不太到老師的評價
236704939,	企管系修課請益！	,"本身不是企管系的學生想請問修過的學長學姊民法概要比較推薦蔡宗隆還是陳惠平老師？上網查很少評價！組織行為比較推薦陳文良還是邱雅萍老師？過去修過陳文良老師的人力資源管理，覺得老師親切，教學認真，評分方式也合理。不過看到邱雅萍老師這學期的組織行為是非同步遠距。所以有點好奇😯先預先謝謝願意回覆的同學們🥰"
236697857,	程序控制 陳榮輝	,"有沒有人跟我選到一樣的課～想請有修過的人來回答這堂課老師還有評分標準如何 還有這堂課的評價和風格怎麼樣跪求修過的人建議🙏"
236697836,	延伸人 社區探究與設計思考 沈豪挺	,"想請問一下有沒有人跟我一樣選到這堂課的～剛剛上選課大全還有爬文但資訊都好少（幾乎沒有😢所以想上來問問有沒有修過這堂課的大家評價如何"
236696525,	企業倫理	,想請教修過黃美珠老師的企業倫理的同學們關於老師上課大概的風格跟評價，因為不是商學院的學生，所以有點不太清楚
236695797,	行銷學 — 李佩玲	,"請問各位有沒有修過李佩玲老師的行銷學呢？（選修）請問評價如何拜託了🙏 感激不盡"
236695288,	廣告學 林瓊菱	,"想問這堂課的評價不知道學不學得到東西"
236694831,	中國大陸經營管理實務 林震岩	,"我想問一下這個老師評價如何，因爲很少資訊！！之前好像有看過負評但好像被刪掉了然後這個課會報告分組嗎？謝謝🙏😃"
236693933,	犯罪心理學 陳永儀	,"有上網爬文過陳老師的課，評價都很不錯，所以下學期想要選修陳老師的犯罪心理學～但第一階段沒有選上，最近也要開始安排開學後的工讀時間，所以想請問有修過課的大家，陳老師的犯罪心理學可以加簽嗎？沒辦法的話我就要去打工惹嗚嗚嗚希望大家撥空回答我><"
236693845,	高克爾的英文簡報技巧	,"想請問有修過的人，這堂課的老師還有評分會很硬嗎？我爬過選課大全沒相關資訊，版上也找不太到😢跪求修過的人建議，三堂課2學分真的不想修到很硬的課🙏🙏🙏"
236693830,	蔡宛育 老師	,"有選上這位老師的課想請問一下有沒有人上過想知道上課風格與評分方式版上好像沒有什麼評價不知道這位是不是新的老師"236686905	盧思博 嵌入式微處理器系統	"查不太到什麼評價想請問有修過這堂課的同學盧思博教授的上課方式和評價謝謝"
236684273,	財金系系選	,"金融機構管理-劉曉燕銀行實務專題-張雅凱請問有人上過這兩堂課嗎？查不太到評價，謝謝🙏"
236683087,	高爾夫 林國威	,"選上了這位老師的課可是板上關於他的評價好像挺少的有沒有修過這位老師的課的同學可以分享一下老師怎麼樣！"
236682703,	很爽的延伸通識vs體育	,"如題 我上了一門蠻想上的延伸通識看評價都說蠻爽的跟一堂沒很想要的體育但他們衝堂了😭😭😭大家會怎麼選呢🥲私心是想要通識但體育又感覺很難搶...（我現在升大二）"
236681784,	英語檢定技巧	,"請問英語檢定技巧比較推薦上陳正婷老師還是李姿儀老師，爬文都沒有看到評價...會問這兩個老師的原因是當初怕沒選到當初選了兩堂，但不確定要上哪個老師的課，求建議><"
236681695,	卓漢薇籃球	,"想問有人知道這堂課評價如何嗎 因為聽到的跟爬文的都很兩極聽說有些籃球課會分組 這堂需要嗎"
236681662,	丘延亮 全球原住民族文化	,想問這堂課跟老師的評價如何，還有評分、上課方式，有先爬過文了，但實在是太少(´･･`)
236681520,	世界文學與藝術歌曲 羅明芳4-12	,"剛選到世界文學與藝術歌曲，想問問大家有修過這堂課的同學，這堂課好嗎，分數填嗎之前聽說是要兩人一組上台報告，但有點久遠了，想問現在還是嗎？因為我查了很多都沒有有關這堂課的內容謝謝大家"
236681493,	1-78C 財務管理 紀登元	,"國貿系紀登元老師開的財務管理，請問修過的人覺得如何？因為校版沒有他的資訊。像是報告、作業、出席或是遠距，課程會是如何進行的？謝謝🙏"
236655949,	選課推薦 👾❗️	,"看到最近蠻多人分享自己修過的通識所以我也來貢獻自己小小的力量 ୧⍤⃝୨୧⌓̈⃝୨୧⍥⃝୨跟一些不同的看法給那些沒有直屬ㄉ小可憐（例如我）或小邊緣一點方向在此之前先前情提要自己的概況給大家一個具體的參考依本人：✓ 會翹課（條件：早八/不扣分/非必修）✓ 偏好單人行動✓ （但）團隊合作通常站 C 位✓ 成績中偏中上（平均班排前 20% & 系排 15%）✓ 身兼打工（110hr↑/月）& 男朋友 (⁎⁍̴̛ᴗ⁍̴̛⁎)‼那就開始八٩(˃̶͈̀௰˂̶͈́)و -❶ 宗哲-林顯泉［必修天］推薦指數：🌕🌕🌕🌗🌑成績：88  *作業全交、請過兩次假優：客觀（宗教中立）、計分標準明確、早到有加分、教材準備認真缺：每堂課點名+抄筆記、會認學生、會抓滑手機 & 睡覺、給分不算太甜（有自己原則）其他：評分項有分個人跟團體團體遇到躺分仔或雷包要自求多福❷ 人哲-劉佩琳［必修天］推薦指數：🌕🌕🌕🌕🌑成績：94  *作業全交、全勤優：老師人很好（凡事可商量）缺：不會傳教但會傳遞個人價值觀、會計學生遲到時間（超過一定時間扣分/被當）、每堂課寫腳蹤、分組活動多（要討論+口頭報告）、不能滑手機其他：討厭團體互動 & 口頭報告的請三思有遲到習慣的人也要三思❸ 法律與現代生活-陳進郁［必修人］推薦指數：🌕🌕🌕🌕🌗成績：96  *作業全交、全勤優：老師教學很認真、加分加爆、課間可做自己事、考試 open book缺：每堂課寫腳蹤、缺席太多會扣分、有個人的3分鐘口頭報告其他：不喜歡口頭報告者請三思❹ 區域文明史-陳仲志［必修人］推薦指數：🌕🌕🌕🌕🌗成績：90  *作業全交、請過半堂課的假優：會跟同學閒聊、期末會發歐趴金莎、上課常常看電影、可以隨時換時間上課缺：有時候會點人回答問題其他：整學期只有期中、期末各一份報告喜歡歷史的選到應該會愛上（涼又爽）❺ 價值判斷與分析-蘇友瑞［延伸天］推薦指數：🌕🌕🌕🌕🌑成績：99  *作業全交、全勤優：給分爽快、課間愛做什麼隨便、刷新三觀、邏輯訓練缺：評價兩極、get 不到點的人會很痛苦、要學會判斷該聽/不該聽的話其他：喜歡辯論的可以去挑戰（我個人收穫蠻多）仇富、仇動漫宅的不要去思想保守、不想三觀受毀壞者請三思❻ 全球變遷與永續發展-王怡心［延伸物］推薦指數：🌕🌕🌕🌕🌗成績：94  *作業全交、請+翹不知道幾堂課⋯（老師對不起qq）優：偶爾點名、課間可以做自己的事缺：有期末分組（口頭）報告其他：分組是自己找隊友登記視人不清或不擅於社交者請三思❼ 愛情關係管理-曾陽晴［延伸我］推薦指數：🌕🌕🌕🌕🌗成績：93  *作業全交+全勤優：老師很有熱情、教材準備豐富、偶爾遠距教學缺：每堂課點名、偶爾需繳交課後筆記/心得、頻繁小組討論其他：好的隊友帶你上天堂期末報告佔分蠻重to be continued...（寒假後再更新！）-*補充：本來想接著分析自己大二目前為止所修的企管系必修但好像有點多 (• ▽ •;)所以如果有學弟妹有疑問再直接提出我會盡力協助ㄉ至於超出大二範圍的我只能說 sorry 🤧還希望有其他企管系老屁股可以幫忙解惑！"
236647115,	實用英文-歐陽雍	,已經查過網路和Dcard上都沒有評價想請問有修過這個老師的課的人老師的上課方式還有這堂課會不會不好過？
236640367,	大推👍通識課程推薦	,"✅延伸選修通識➿➿➿➿➿➿➿➿➿➿➿➿➿➿名稱：通識教育講座老師：黃信二老師類別：人每堂課都要點名沒有期中期末考 沒有分組 沒有上台報告在期中考後的四週都不用上課要去參加講座獲得通識認證期末是寫講座的心得還有閱讀心得每堂課請不同老師來講課下課前繳交該堂心得（通常寫越多分數越高）心得內容可以寫上課筆記➿➿➿➿➿➿➿➿➿➿➿➿➿➿名稱：生命與醫療史（非同步遠距）老師：皮國立老師類別：人這個是遠距課程 但是有面授（不點名）忘記有幾次面授了（但我沒去過）沒有期中期末考 期末是寫心得報告➿➿➿➿➿➿➿➿➿➿➿➿➿➿名稱：客家語言與文化老師：何石松老師類別：人不定時點名有期中期末考 但都很容易 要分組上台報期中是用客語唸1-10 還有兒歌+課文期末也是唸數字（有點忘了）也有兒歌跟課文其實不太會唸沒關係 老師分數不會打太差期末要分組上台報告➿➿➿➿➿➿➿➿➿➿➿➿➿➿名稱：宗教音樂賞析老師：孫自弘老師類別：天每堂都要點名沒有期中有期末考 沒有分組 沒有上台報告期末考前會給題庫讓大家回去找答案答案都在他的ppt裡上課會播古典樂 老師偶爾走下來看你在幹嘛基本上不要太誇張老師都不會說什麼➿➿➿➿➿➿➿➿➿➿➿➿➿➿名稱：飲食自覺與營養管理老師：洪泰雄老師類別：我完全不點名沒有期中期末考 沒有分組 沒有上台報告期中寫心得期末寫飲食報告（我朋友整學期去不到5次最後7x過）➿➿➿➿➿➿➿➿➿➿➿➿➿名稱：食品與健康老師：蘇正元老師類別：物有期中期末考 沒有分組 沒有上台報期中期末考是筆試 從他的ppt裡出期中期末都要做一份報告➿➿➿➿➿➿➿➿➿➿➿➿➿➿名稱：生命與品格典範（非同步遠距）老師：李清義老師類別：天完全沒有面授沒有期中期末考每週上課前要寫閱讀心得跟影片心得各100字上課完要寫上課心得100（我記得繳交期限是下一次上課前）期末要再交一份心得報告✅基礎必修通識➿➿➿➿➿➿➿➿➿➿➿➿➿➿名稱：人生哲學老師：李世堅老師類別：人哲每堂點名 （其實點名分數佔不大沒有期中期末考 沒有分組 沒有上台報告期中要交閱讀心得不要擔心沒去上課不知道什麼時候要繳交老師會在課程中寄mail告訴你有哪些作業 還有繳交截止日期期末有一份習題要寫（關於人哲的問題）上課很輕鬆 老師愛唱歌➿➿➿➿➿➿➿➿➿➿➿➿➿➿名稱：宗教哲學老師：錢玉舜老師類別：宗哲每堂點名（2次以上沒到扣考）沒有期中期末考 有分組 有分組上台報告分組方式是老師做籤讓我們抽依順序上去填寫自己想要的組別（有機會可以跟朋友同組）上課要寫筆記和上課心得上課筆記可以從ppt抄➿➿➿➿➿➿➿➿➿➿➿➿➿➿名稱：經濟學的世界老師：姜樹翰老師類別：公民不定時點名（點名佔分不多）沒有期中期末考 沒有分組 沒有上台報告有作業 但基本上網路都找得到答案期末交一份報告➿➿➿➿➿➿➿➿➿➿➿➿➿➿名稱：文化思想史老師：林建發老師類別：歷史每堂點名（未到會扣分）有期末考 沒有分組 沒有上台報告期中期末交報告期末考要去借書 然後當天帶去在教室寫心得〰️〰️〰️〰️〰️〰️〰️〰️〰️〰️〰️〰️〰️〰️以上。有的是本人修過 有的是朋友修過老師們的評分方式與上課方式可能會做微調所以無法保證剛我當初修的是ㄧ模一樣的😅這些課上課時基本上都是很輕鬆的 毫無拘束可言希望大家都可以順利選上自己想要的課喔👍"
236608023,	民法 陳乃瑜老師	,如題 請問財法系的同學乃瑜老師的教學方式與評價 謝謝
236606961,	＃問 犯罪心理學 陳永儀	,"請問有人有修過陳永儀老師的犯罪心理學嗎？不知道評價如何呢🥺在板上好像沒看過有人寫過評價🥲然後有看到課綱裡有寫需要上台報告 想問問大概是以什麼樣的形式呢～感謝💕"
236547703,	影劇英文	,"想請問板上的大家 ，陳姿君老師的影劇英文，上課的方式、風格與作業規定，考試會不會很難？給分會不會很嚴格？有人可以分享修過的心得嗎？上網爬了文都沒有評價😭😭😭 謝謝大家 預祝大家選課順利 *\(^o^)/*"
236440218,	統計學 暑修	,"請問一下 我是跨系修 統計學（二）有三位老師可以選擇1.江老師2.劉老師3.皮老師江老師有一個規範是輔系不得選修，想問說暑修算不算輔系。皮老師看以往的評價是會大刀 可是他選課的人數是最高的劉老師的選課人數最低甚至不足15人，有點擔心開不成的部分請各位大大給小弟一個意見"
236143748,	應華	,我是今年應華新生，當初因為了解應華職涯發展也很有興趣申請進來，但看到板上對應華的評價大部分都很負面，想認真問應華系上學長姐關於系上風氣和老師課程的現況和建議～
235888771,	財金系評價？	,"大家好 我是今年要入學的新生 想要問問各位學長姐在財金系ㄉ心得希望大家可以多多回覆 謝謝！🥰"
235869035,	實#英文-孟X辰	,"發這篇文主要是想紀錄一下修課心得。當我知道我的英文老師是他的時候我就上dcard查了一下他。大概在2017年左右的評論是還不錯的，都是說什麽幽默風趣、上課活潑、人很好之類的。但在2017年後好像就沒有關於他的dcard了，所以我決定自己來發一篇。我相信他以前或許真的是位好老師，但是在我修他的課期間以來我真的覺得要選他的課要慎選。罪狀1：功課爆多老實說英文才1學分，我隨便一門課都超過1學分，而我卻需要花最多的時間跟經歷在你的作業上，功課包括寫英文履歷、每堂課幾乎都有課堂活動回家要記得上傳、錄音練口說、拍影片n個（介紹清明節、教學影片、關代影片、台灣缺水影片等等），噢還規定人一定要入鏡-我們明明是2/23開學的，可是他2/22就出了作業而且截止日是3/1號，但是加選可以加選到3/2號，有些人3/2才確定英文老師是你，問可不可以補交作業，你說不能補交沒交就是沒交，沒交就是零分，有夠硬，可是3/2才有英文的人怎麼可能知道3/1有一個作業要截止？-英文履歷也沒教我們怎麼寫，就叫我們寫，也沒檢討我也沒看到你打的分數跟評語，我也不知道我這樣寫到底好不好，期中後還讓我們用一個軟體重做一份英文履歷，那我們第一份英文履歷是在.........？-課堂討論作業幾乎每週上完課晚上都要交上課討論的東西-錄音練口說，要求我們要有主播的fu，但是其實我覺得我們又不是主播，怎麼可能一說英文馬上就跟主播一樣，他讓我們一個一個給他聽我們的錄音，然後他真的是一個一個罵我們，主要內容就是，你錄的這是什麽東西，沒有主播的感覺，你唸錯音等等對我們的控訴，你可以好好說，但不要以一種嫌棄的口吻說-拍影片，這是我覺得最瞎的一點，我們又不是什麽網紅youtuber，為什麼要拍影片？而且還拍那麼多隻，要求人一定要入鏡，我們拍得那麼辛苦我連你有沒有看都不知道，對於影片沒有評價、沒有分數，我每次都覺得我的作業白做了，你真的有看嗎？罪狀2：言行舉止不恰當不尊重學生-我記得第一堂課你說什麽我們是重修班，但其實只是大部分都是重修的，裡面也有人不是重修的，像是第一次修課或是轉學生，你憑什麽一副很瞧不起我們重修班的樣子？就算真的是重修的那又怎樣？-第一堂課他還說我們打email給他要有禮貌，但是他對我們的態度有好嗎？然後還說盡量不要打email給他，他很忙，他說他這學期當學生去修課所以不一定有空回我們，身為老師不是應該盡可能的解決學生的問題不是嗎？-我記得有一堂課他帶我們看薪資表，要我們每組說說我們讀完這個專業出去很可以拿多少薪水，我們班蠻保守，平均都是說30000上下，然後他後來就調出在早餐店一個月也可以賺33000，他藉此告訴我們我們學這個專業沒有用比一個早餐店的還少，接著又說他自己的薪水比這個高出很多，我不知道他到底想要表達什麽欸，但我覺得真的術業有專工，他真的不該這麼說。說了這麼多我來做個總結。英文課，看到孟X辰三個字可以繞道而行了，因為我遠遠還有比英文更重要的必修課，學分也比教多的需要讀，我真的沒有那麼多時間花在拍影片上，還有在做一些沒有意義的作業上，除非你這學期課少到爆再去修吧，不然不要去了。他很凶，第一堂課有一個男生沒有帶口罩，他直接冷著臉說：「首先，沒有帶口罩的，出去！」就把人攆出去了，我直接傻眼，不能好好說嗎或是請他跟旁邊的借個口罩之類的。他還說不要覺得我凶，如果你都有乖乖寫作業不遲到早退一定不會被當，但我覺得他的那雙眼睛總在盯著全班的一舉一動，稍有點慌神他都記在心裡的那種。然後他還讓我們課堂上寫教學評論，就有人評論情緒勒索、道德綁架、雙標、作業太多之類的，就知道我們班對他到底有多不滿，結果他居然看完評論然後公然在班上跟我們說有人這麼評論他，他說不要評不實評論小心告我們之類的，拜託，會把評論直接拿到課堂上講難道不是一種情緒勒索道德綁架嗎？班級人數正在直線下降，尤其是期中後又一波人停修了，各位停修是對的，恭喜你們脫離魔爪，重修一定可以遇上更好的老師的。---------------------------------------------------------------留言很多，我也全部都看完了，我就不一一回覆各位，我統一在這裡回覆。有些人說在他的課堂上可以學到很多東西，我並不否認他是位有實力的老師。但是我覺得對於1學分的英文課而言，下面有人說英文課很重要不該用1學分去做衡量，是的英文很重要，但是難道其它必修科目的課不重要嗎？所以對我而言對於一個只有1學分的課來說，確實功課多，太硬了，但功課多太硬都是其次。最重要的還是老師的上課態度讓我比較不能接受，他凶，我覺得凶的老師沒有什麽問題，但是不能以一種瞧不起、侮辱的姿態去罵學生，老師自己可能沒有意識到，但是聽在學生的耳裡是很不舒服的，他希望我們都可以尊重他，是的學生尊重老師天經地義，但是難道老師就不應該尊重學生嗎？底下有幾個人說的抗壓力低、玻璃心等等的，我覺得不是抗壓力低、玻不玻璃心的問題，就像下面有人說在十幾個人面前羞辱一個大學生是合理的嗎？我們大學生好逮也是成人吧！下面有一個教學評量說他寫得很凶，然後結果被拿上來全班念，我那時候什麽都沒寫，根據之前寫教學評量的經驗好像對老師沒甚麼影響，所以後來需要打文字的部分我都沒有寫過，不過我應該要感謝你有這麼寫，發現不是只有我這麼覺得，所以才讓我想來發個dcard。以上。"
235729777,	關於會計系的一些問題	,"第一次在Dcard發文如果哪裡不符合排版什麼的請見諒(๑-﹏-๑)1.會計系上課需要筆電嗎？2.大一新生是一定有宿舍可以住嗎？宿舍的評價如何呢？3.建議當班代還是多參與學校其他活動呢？4.建議先修嗎？5.有推薦什麼社團嗎？請各位帥氣漂亮的長姐們解答(♡˙︶˙♡)"
235411699,	人哲 張孝慧老師 評價如何？	,網路上找不到這位老師的評價...
235411767,	4-78 語言學概論（二）	,"我不是本科系的學生，是學程的學生上學期因為衝堂就沒有從（一）開始修想知道這堂課有沒有教科書 有的話長怎麼樣想在上課前買到不然怕很尷尬：（"
235411303,	戴永禔 3-56原生文化與永續發展,	"剛剛慌忙中選到這門課想問問板上的大家對這門課的評價因為剛剛爬文的評價都是好幾年前的🙏"
